rank	word	count
1	el	36883876
2	de	24475542
3	que	19102844
4	ser	16833775
5	uno	13372276
6	a	12810585
7	y	11309024
8	en	11051605
9	él	10233257
10	estar	7920799
11	haber	6560821
12	yo	6385698
13	por	6016577
14	tener	5264273
15	se	5080634
16	tú	4822239
17	ir	4809379
18	hacer	4629804
19	con	4509652
20	qué	4351664
21	suyo	4203175
22	poder	4190135
23	para	3896720
24	del	3505097
25	decir	3481333
26	este	2989065
27	todo	2975754
28	mío	2824214
29	pero	2820976
30	si	2676145
31	querer	2669267
32	al	2500543
33	sí	2459145
34	como	2404116
35	mucho	2312571
36	ése	2217507
37	bien	2176247
38	más	2165223
39	ver	2097232
40	tuyo	2008979
41	saber	1891298
42	ese	1807688
43	aquí	1757744
44	solo	1675932
45	éste	1593697
46	nosotros	1443869
47	creer	1436078
48	ya	1389542
49	o	1386260
50	deber	1357617
51	dar	1357124
52	bueno	1299565
53	otro	1270535
54	así	1253362
55	ahora	1214057
56	vez	1192980
57	cuando	1188601
58	algo	1125191
59	dejar	1123069
60	hablar	1051556
61	pasar	1030723
62	ella	990818
63	nada	966494
64	cómo	935449
65	sentir	898570
66	pensar	885709
67	porque	870759
68	esperar	854802
69	usted	854441
70	día	850540
71	año	841274
72	padre	838054
73	venir	820828
74	nuestro	815459
75	gracias	803297
76	alguno	791509
77	cosa	790380
78	dos	784866
79	sin	773153
80	sobre	769317
81	señor	747779
82	mirar	741922
83	hombre	734477
84	tiempo	733875
85	también	733114
86	mismo	720050
87	necesitar	715243
88	casa	706292
89	llevar	700105
90	tan	686506
91	entonces	685920
92	encontrar	675366
93	volver	674877
94	llamar	654625
95	parecer	651520
96	nuevo	644597
97	mejor	641745
98	primero	638748
99	verdad	632793
100	hasta	626256
101	quién	622616
102	vida	617948
103	nunca	616936
104	tomar	611940
105	quedar	610570
106	grande	609126
107	llegar	604643
108	hola	603263
109	chico	596787
110	poner	576596
111	poco	570699
112	oír	565979
113	noche	564108
114	mí	562903
115	hijo	561314
116	dónde	560489
117	ni	556255
118	salir	554971
119	favor	553731
120	gustar	549302
121	seguir	541750
122	amigo	538280
123	oh	536659
124	siempre	535920
125	papá	514018
126	antes	506327
127	desde	502267
128	conocer	500550
129	ahí	475323
130	alguien	470767
131	trabajo	466766
132	mujer	453291
133	entre	448607
134	después	446877
135	parte	437180
136	mi	430920
137	acuerdo	429003
138	escuchar	428549
139	momento	417647
140	matar	414847
141	tal	410682
142	donde	409601
143	seguro	407757
144	mundo	407000
145	gente	406482
146	tanto	397546
147	niño	396930
148	hora	396694
149	buscar	393889
150	problema	393691
151	lugar	392477
152	nadie	389807
153	ayudar	382646
154	perder	381545
155	ustedes	380802
156	persona	377096
157	tipo	371275
158	claro	371130
159	entender	370617
160	menos	367335
161	fuera	365550
162	acabar	363718
163	tratar	359372
164	tres	349324
165	último	347390
166	trabajar	338840
167	morir	334668
168	cada	334232
169	dinero	332001
170	mañana	330297
171	hermano	329937
172	quien	325514
173	ninguno	324929
174	vivir	323037
175	valer	322524
176	allí	321484
177	hoy	318874
178	luego	316333
179	mano	311979
180	quizá	302672
181	caso	302205
182	nombre	300637
183	entrar	300434
184	forma	300421
185	empezar	300150
186	conseguir	296069
187	cierto	292356
188	pasado	290929
189	pedir	287572
190	intentar	285993
191	traer	276614
192	pequeño	274683
193	buena	272089
194	medio	271315
195	importar	271312
196	aún	269890
197	cuenta	268204
198	razón	267381
199	preguntar	264878
200	terminar	263102
201	tarde	262825
202	idea	262350
203	cualquiera	261031
204	mal	259716
205	único	259593
206	suponer	255610
207	muerto	252619
208	durante	252007
209	recordar	246688
210	semana	244812
211	contra	241993
212	bajo	240903
213	segundo	240571
214	cambiar	240117
215	familia	239562
216	usar	238327
217	policía	235370
218	comer	234024
219	conmigo	233970
220	sacar	233122
221	mientras	233013
222	mantener	232887
223	demasiado	232666
224	realmente	231221
225	serio	231062
226	país	230598
227	contar	229579
228	minuto	229453
229	mierda	228417
230	olvidar	226422
231	propio	225229
232	pues	223512
233	e	221413
234	aunque	220211
235	historia	220065
236	viejo	218823
237	amor	217849
238	lado	216880
239	junto	215884
240	malo	215692
241	hacia	215122
242	manera	213311
243	cabeza	210928
244	punto	210594
245	mayor	208599
246	todavía	208423
247	casi	207058
248	mes	206318
249	ciudad	205675
250	importante	205515
251	preocupar	203935
252	ganar	200468
253	cuánto	199033
254	tío	198103
255	puerta	196380
256	palabra	193254
257	ojo	192742
258	agua	191525
259	dentro	190519
260	abrir	190488
261	jugar	189719
262	llamado	189120
263	loco	187840
264	ocurrir	186637
265	alto	186473
266	aquel	186177
267	fin	185195
268	camino	183763
269	pagar	182973
270	esposo	181930
271	permitir	179144
272	recibir	177606
273	pregunta	176753
274	leer	175905
275	significar	174783
276	suceder	174618
277	muerte	173412
278	millón	172826
279	general	172676
280	dormir	172250
281	realidad	171538
282	caer	171322
283	rápido	169791
284	supuesto	169693
285	enviar	169186
286	acercar	169128
287	equipo	168728
288	cuál	168049
289	ayuda	168020
290	cuerpo	167247
291	jefe	167090
292	maldito	166879
293	presidente	165859
294	mover	165365
295	comprar	165261
296	gobierno	162525
297	comenzar	161606
298	buenas	161279
299	joven	161267
300	tierra	160730
301	número	160674
302	cuatro	160508
303	feliz	159733
304	final	158693
305	regresar	158625
306	grupo	158228
307	guerra	158161
308	cariño	157864
309	además	157835
310	posible	157300
311	echar	157281
312	clase	157094
313	cual	156922
314	pronto	156490
315	arma	155831
316	cinco	155819
317	convertir	154899
318	difícil	154485
319	cara	154293
320	sino	153301
321	genial	152797
322	tocar	152281
323	largo	151970
324	juego	151843
325	escribir	151546
326	meter	150826
327	igual	150756
328	incluso	149589
329	doctor	148568
330	corazón	148459
331	detener	147580
332	adiós	147499
333	siquiera	147214
334	ello	145509
335	decidir	145238
336	suerte	144622
337	cuanto	144294
338	ayer	143323
339	libro	143250
340	correr	142631
341	según	142031
342	funcionar	141819
343	vivo	141628
344	luz	140699
345	justo	140078
346	miedo	139978
347	modo	139815
348	relación	139740
349	cambio	139047
350	público	138960
351	derecho	138431
352	presentar	137990
353	cerca	137793
354	suficiente	137729
355	prueba	137069
356	próximo	136750
357	fuerte	136495
358	existir	136309
359	sentido	136115
360	bastante	135936
361	orden	135267
362	perro	135112
363	humano	134746
364	vuelta	133808
365	listo	133690
366	mostrar	132815
367	subir	132729
368	coche	132650
369	servir	132537
370	ox	132042
371	sentar	131718
372	salvar	131148
373	blanco	131052
374	fuerza	130870
375	sistema	130663
376	explicar	130618
377	levantar	129852
378	adelante	129092
379	mil	129004
380	considerar	128438
381	paso	128369
382	asegurar	128059
383	cuidado	127945
384	aceptar	127600
385	quitar	127558
386	plan	127396
387	calle	127073
388	pueblo	126947
389	negro	126128
390	allá	125797
391	partido	125110
392	diferente	124506
393	ante	124416
394	fiesta	124412
395	amar	123942
396	coger	123863
397	disparar	122940
398	disculpar	121778
399	pie	121679
400	beber	121584
401	frente	121244
402	escuela	121150
403	sangre	120915
404	oportunidad	120540
405	muchacho	119161
406	real	119024
407	situación	118507
408	política	118167
409	ley	117658
410	vender	117382
411	teléfono	117209
412	médico	116915
413	extraño	116570
414	perdonar	116524
415	arriba	116339
416	aparecer	116162
417	servicio	114733
418	novio	114713
419	tampoco	114609
420	especial	114530
421	casar	114470
422	puesto	114173
423	dólar	113827
424	cuándo	113793
425	duro	113578
426	nacional	113375
427	recuerdo	113359
428	lograr	113310
429	robar	113264
430	seguridad	113173
431	prometer	112800
432	enseñar	110980
433	obra	110802
434	descubrir	110528
435	andar	110511
436	fácil	110424
437	película	110276
438	lista	109614
439	tras	109409
440	ambos	109391
441	español	109357
442	sonar	109090
443	referir	108943
444	vino	108882
445	centro	108706
446	asunto	108495
447	encantar	108449
448	embargo	108038
449	imaginar	107715
450	información	107584
451	habitación	107506
452	aprender	107238
453	falta	107185
454	cielo	107028
455	seis	106876
456	realizar	106783
457	negocio	106613
458	sueño	105718
459	OK	105716
460	atrás	105663
461	social	104846
462	capitán	104767
463	comida	104743
464	bebé	104567
465	libre	103591
466	voz	103578
467	foto	103492
468	abajo	103283
469	par	103187
470	paz	103179
471	confiar	103026
472	culpa	102589
473	cerrar	102357
474	ofrecer	102312
475	noticia	101979
476	bajar	101914
477	desear	101595
478	secreto	101427
479	callar	101315
480	música	101211
481	diablo	101034
482	resto	101022
483	siguiente	100650
484	cuidar	100252
485	carta	99611
486	preparar	99272
487	don	99110
488	correcto	99025
489	programa	98783
490	sitio	98755
491	campo	98684
492	elegir	98286
493	exactamente	98103
494	unido	97909
495	desaparecer	97848
496	hermoso	97578
497	mentir	97379
498	romper	97321
499	invitar	97146
500	bonito	96889
501	peor	96711
502	obtener	96672
503	molestar	96601
504	lejos	96430
505	necesario	96374
506	cama	96234
507	utilizar	96079
508	varios	95814
509	abuelo	95623
510	parar	95623
511	viaje	95455
512	demonio	95432
513	perfecto	95293
514	raro	95181
515	tirar	95057
516	despertar	95030
517	resultar	95001
518	futuro	94711
519	oficial	94509
520	probablemente	94355
521	oficina	94212
522	continuar	94184
523	responder	94007
524	acción	93741
525	línea	93518
526	agente	93192
527	personal	92916
528	papel	92860
529	aire	92502
530	arreglar	92339
531	puta	92313
532	principio	91811
533	simplemente	91798
534	empresa	91612
535	diez	91543
536	director	91535
537	través	91507
538	producir	90604
539	ejemplo	90209
540	amo	90135
541	rey	89714
542	cuarto	89494
543	idiota	89487
544	verdadero	89438
545	pesar	89068
546	probar	88984
547	bastar	88849
548	decisión	88511
549	demás	88434
550	control	88406
551	hospital	87695
552	marido	87687
553	fuego	87559
554	tema	87506
555	respuesta	87143
556	nivel	87089
557	evitar	86846
558	estudio	86746
559	mensaje	86428
560	resultado	85825
561	error	85140
562	lleno	84652
563	compañero	84224
564	soler	83916
565	reconocer	83828
566	pobre	83810
567	atención	83696
568	zona	83485
569	vista	83435
570	escapar	83394
571	cumplir	83242
572	edad	82690
573	comprender	82511
574	mandar	82055
575	abogado	82006
576	dirección	81491
577	partir	81386
578	temer	81229
579	alegrar	81115
580	estúpido	81012
581	fondo	80861
582	llorar	80840
583	señorito	80561
584	lindo	80498
585	compañía	80358
586	tranquilar	79759
587	actuar	79561
588	proceso	79492
589	investigación	79377
590	tonto	79230
591	café	79126
592	duda	78931
593	preferir	78817
594	conducir	78114
595	estado	77690
596	mía	77546
597	ropa	77334
598	valor	77171
599	profesor	77116
600	reunión	76973
601	boca	76952
602	cámara	76809
603	conocido	76724
604	espacio	76688
605	encima	76632
606	imagen	76519
607	abierto	76441
608	cargo	76153
609	caballero	76149
610	cantar	76000
611	posibilidad	75964
612	detrás	75904
613	proteger	75745
614	universidad	75697
615	sufrir	75607
616	golpear	75383
617	abandonar	75247
618	consejo	75133
619	asesino	75073
620	cuyo	75005
621	vuestro	74840
622	caminar	74839
623	daño	74351
624	sociedad	74254
625	base	74181
626	frío	74167
627	proyecto	74154
628	anoche	74140
629	mesa	74015
630	paciente	73935
631	tercero	73834
632	crear	73829
633	dirigir	73810
634	capaz	73779
635	movimiento	73752
636	increíble	73612
637	divertido	73311
638	principal	73300
639	maestro	73273
640	recoger	73235
641	carrera	73193
642	caballo	72857
643	siglo	72656
644	perdón	72655
645	pena	72495
646	antiguo	72487
647	enfermo	72361
648	ocupar	72343
649	asesinar	72180
650	alrededor	72020
651	banco	71782
652	político	71727
653	mayoría	71717
654	miembro	71649
655	condición	71562
656	efecto	71555
657	económico	71455
658	volar	71442
659	brazo	70960
660	ministro	70755
661	libertad	70695
662	asesinato	70520
663	reunir	70468
664	crecer	70439
665	alcanzar	70314
666	devolver	70280
667	interés	70237
668	joder	70235
669	animal	70087
670	destruir	70052
671	sol	69968
672	entregar	69939
673	color	69721
674	caja	69629
675	cliente	69613
676	distinto	69578
677	víctima	69451
678	deseo	69443
679	arte	69438
680	rojo	69237
681	objetivo	69155
682	acompañar	69151
683	causa	68946
684	cita	68723
685	trato	68666
686	demostrar	68612
687	aforar	68540
688	jamás	68529
689	recuperar	68091
690	merecer	68068
691	técnico	67868
692	hotel	67796
693	estrella	67759
694	sexo	67694
695	militar	67569
696	normal	67559
697	bailar	67540
698	incluir	67225
699	dolor	66968
700	mitad	66803
701	gusto	66625
702	canción	66555
703	baño	66352
704	querido	66118
705	reír	66004
706	respecto	65961
707	salud	65852
708	completo	65839
709	sal	65706
710	mente	65645
711	suelo	65197
712	cortar	65132
713	posición	64811
714	medida	64671
715	especie	64656
716	siete	64652
717	diferencia	64552
718	formar	64494
719	precio	64368
720	maravilloso	64024
721	pelo	63902
722	luchar	63775
723	opinión	63642
724	estudiar	63566
725	resolver	63372
726	mercado	63238
727	elección	63013
728	interior	63010
729	silencio	62821
730	ciento	62741
731	necesidad	62657
732	odio	62635
733	experiencia	62581
734	actividad	62518
735	guardar	62462
736	droga	62443
737	controlar	62418
738	accidente	62368
739	club	62284
740	ejército	62059
741	mar	61935
742	ataque	61786
743	imposible	61739
744	contacto	61615
745	privado	61449
746	alma	61351
747	común	61161
748	soldado	61112
749	vestido	61009
750	llave	60873
751	energía	60767
752	barco	60684
753	observar	60516
754	juez	60473
755	atacar	60327
756	preparado	60120
757	río	60114
758	tienda	60110
759	señalar	60090
760	negar	59830
761	avión	59721
762	dulce	59497
763	marchar	59494
764	operación	59355
765	encuentro	59285
766	fuente	59090
767	ocho	58772
768	informe	58742
769	izquierda	58698
770	pierna	58698
771	sala	58646
772	apenas	58437
773	nacer	58437
774	averiguar	58265
775	esconder	58207
776	señal	58124
777	anterior	58074
778	costar	58029
779	placer	58020
780	muestra	57864
781	nota	57813
782	derecha	57799
783	escena	57763
784	soltar	57647
785	interesante	57631
786	vosotros	57548
787	menor	57448
788	metro	57423
789	entrada	57279
790	regalo	57190
791	edificio	57139
792	enfermedad	57099
793	traje	57086
794	enemigo	57017
795	gritar	56972
796	totalmente	56910
797	contestar	56762
798	peligroso	56729
799	salvo	56629
800	jurar	56529
801	agradecer	56445
802	disculpa	56296
803	simple	56191
804	uh	56143
805	debido	56121
806	unir	56079
807	disfrutar	56068
808	internacional	55969
809	total	55754
810	equivocado	55737
811	casado	55729
812	cena	55697
813	guardia	55687
814	desarrollo	55655
815	apostar	55607
816	presente	55600
817	odiar	55583
818	cuestión	55427
819	pelear	55283
820	acordar	55094
821	dato	55064
822	motivo	54982
823	enfrentar	54834
824	crimen	54815
825	flor	54737
826	boda	54700
827	representar	54673
828	unidad	54660
829	montón	54571
830	éxito	54482
831	haz	54450
832	peligro	54407
833	golpe	54335
834	corto	54304
835	construir	54297
836	mencionar	54270
837	diario	54254
838	revisar	54194
839	atrapar	53973
840	producto	53901
841	manejar	53874
842	carne	53832
843	ventana	53762
844	interesar	53744
845	despedir	53711
846	alejar	53705
847	natural	53671
848	oro	53603
849	cometer	53402
850	huir	53333
851	lamento	53255
852	informar	53204
853	acto	53050
854	cárcel	53043
855	hallar	53011
856	radio	52991
857	profesional	52883
858	local	52872
859	hambre	52815
860	departamento	52763
861	piso	52752
862	finalmente	52747
863	espalda	52674
864	escrito	52640
865	completamente	52573
866	terrible	52536
867	norte	52524
868	cerrado	52516
869	aspecto	52474
870	familiar	52468
871	visita	52367
872	aun	52225
873	adónde	52217
874	contrario	52212
875	enterar	52002
876	broma	51916
877	sorpresa	51796
878	juicio	51778
879	defensa	51761
880	depender	51740
881	regla	51686
882	comunidad	51666
883	intento	51637
884	cantidad	51386
885	inglés	51348
886	compartir	51331
887	entendido	51324
888	besar	51297
889	pertenecer	51247
890	repetir	51244
891	engañar	51239
892	nave	51100
893	riesgo	51099
894	justicia	50962
895	central	50914
896	cubrir	50899
897	salida	50831
898	americano	50730
899	tren	50665
900	serie	50630
901	sector	50605
902	permanecer	50501
903	viajar	50446
904	apartar	50445
905	preocupado	50394
906	asustar	50379
907	desarrollar	50349
908	uso	50262
909	calmar	50228
910	cabo	50205
911	horrible	50179
912	corte	50170
913	prestar	50088
914	dedo	50056
915	discutir	50027
916	esperanza	50001
917	peso	49989
918	opción	49920
919	época	49908
920	delante	49847
921	alemán	49828
922	rato	49810
923	testigo	49581
924	pegar	49499
925	admitir	49478
926	ocasión	49471
927	área	49460
928	detective	49400
929	triste	49360
930	matrimonio	49359
931	superior	49348
932	árbol	49336
933	destino	49296
934	objeto	49217
935	sentado	49150
936	defender	49118
937	sur	49114
938	cansado	49102
939	azul	49080
940	oscuro	49067
941	superar	49031
942	apoyar	49014
943	cine	48934
944	doler	48915
945	oler	48890
946	gracioso	48856
947	bromear	48768
948	limpiar	48731
949	marcha	48639
950	misión	48483
951	cocina	48425
952	isla	48410
953	encargar	48357
954	responsable	48351
955	declarar	48228
956	sentimiento	48222
957	colocar	48134
958	visitar	48112
959	indicar	48086
960	físico	48048
961	prensa	48000
962	actor	47986
963	amable	47923
964	actual	47757
965	francés	47738
966	organización	47516
967	causar	47495
968	afirmar	47453
969	celebrar	47403
970	televisión	47399
971	prisa	47398
972	autoridad	47395
973	nervioso	47346
974	caliente	47271
975	lucha	47237
976	entero	47223
977	culo	47207
978	modelo	47193
979	mentira	47130
980	divertir	47114
981	comprobar	47065
982	cenar	46982
983	bolsa	46972
984	honor	46890
985	científico	46874
986	falso	46848
987	luna	46828
988	pareja	46765
989	dispuesto	46714
990	directo	46671
991	cerebro	46655
992	especialmente	46591
993	limpio	46584
994	pared	46557
995	carajo	46480
996	trasero	46476
997	europeo	46382
998	iniciar	46292
999	inteligente	46209
1000	vecino	46158
1001	pista	46110
1002	descansar	46085
1003	grave	46020
1004	retirar	45949
1005	arruinar	45918
1006	banda	45894
1007	héroe	45844
1008	reina	45791
1009	bar	45595
1010	periódico	45509
1011	memoria	45496
1012	artículo	45449
1013	acá	45353
1014	enorme	45323
1015	investigar	45283
1016	presencia	45273
1017	pretender	45235
1018	máquina	45216
1019	agarrar	45205
1020	permiso	45202
1021	función	45198
1022	apoyo	45096
1023	popular	45034
1024	estilo	44911
1025	civil	44909
1026	sobrevivir	44902
1027	estación	44844
1028	establecer	44771
1029	cumpleaños	44704
1030	planeta	44643
1031	lanzar	44610
1032	material	44592
1033	espíritu	44588
1034	respeto	44495
1035	teniente	44487
1036	tuya	44444
1037	ordenar	44422
1038	bomba	44419
1039	absoluto	44326
1040	líder	44237
1041	naturaleza	44232
1042	provocar	44195
1043	estudiante	44193
1044	figura	44141
1045	sorprender	44124
1046	doble	44080
1047	locura	44029
1048	piel	43973
1049	detalle	43840
1050	recurso	43834
1051	San	43823
1052	ocultar	43822
1053	publicar	43821
1054	red	43775
1055	excelente	43759
1056	Jesús	43709
1057	prisión	43676
1058	pelea	43670
1059	piedra	43659
1060	cerveza	43560
1061	añadir	43558
1062	hogar	43497
1063	copa	43436
1064	ciencia	43429
1065	secretario	43401
1066	mundial	43346
1067	proponer	43321
1068	presión	43276
1069	conversación	43210
1070	cultura	43123
1071	basura	43081
1072	precioso	43060
1073	baile	42996
1074	verde	42975
1075	planta	42964
1076	cruzar	42897
1077	grado	42758
1078	marca	42757
1079	máximo	42746
1080	advertir	42598
1081	vacío	42534
1082	maldición	42529
1083	junta	42446
1084	comisión	42329
1085	acostar	42277
1086	respirar	42272
1087	tarjeta	42127
1088	vigilar	42113
1089	autor	42083
1090	agradable	42002
1091	capital	41885
1092	declaración	41880
1093	confirmar	41845
1094	esfuerzo	41826
1095	temprano	41816
1096	equivocar	41809
1097	soportar	41789
1098	teatro	41711
1099	participar	41601
1100	victoria	41601
1101	saltar	41491
1102	comunicación	41446
1103	liberar	41372
1104	propiedad	41231
1105	infierno	41140
1106	arrestar	41071
1107	verano	41046
1108	sugerir	41035
1109	consecuencia	41032
1110	trabajador	40982
1111	zapato	40695
1112	enamorado	40669
1113	conocimiento	40630
1114	bello	40627
1115	intención	40559
1116	guapo	40526
1117	extranjero	40499
1118	jugador	40428
1119	aguantar	40402
1120	producción	40355
1121	avisar	40180
1122	mirada	40171
1123	orgulloso	40147
1124	coronel	40115
1125	ocupado	40064
1126	fecha	40049
1127	primo	40039
1128	faltar	39980
1129	obligar	39957
1130	registrar	39952
1131	anunciar	39851
1132	responsabilidad	39848
1133	población	39824
1134	elemento	39809
1135	huevo	39798
1136	adentro	39795
1137	inmediato	39772
1138	famoso	39750
1139	debajo	39744
1140	página	39737
1141	separar	39714
1142	enseguida	39710
1143	gato	39699
1144	fiscal	39675
1145	personaje	39673
1146	período	39605
1147	voto	39605
1148	expresar	39530
1149	nueve	39530
1150	fijar	39499
1151	fumar	39372
1152	mejorar	39355
1153	sexual	39355
1154	herida	39291
1155	premio	39158
1156	notar	39154
1157	felicidad	39134
1158	educación	39118
1159	roto	39064
1160	propósito	39059
1161	contratar	39039
1162	artista	39010
1163	costa	38951
1164	tribunal	38945
1165	apuntar	38924
1166	asumir	38924
1167	capacidad	38811
1168	término	38795
1169	julio	38787
1170	pieza	38700
1171	teoría	38620
1172	puro	38605
1173	exacto	38588
1174	soñar	38585
1175	tarea	38353
1176	sonido	38329
1177	bosque	38275
1178	encantado	38254
1179	sujeto	38254
1180	atrever	38230
1181	regreso	38213
1182	venta	38180
1183	solución	38162
1184	apagar	38152
1185	documento	38141
1186	nación	38104
1187	cuadro	38053
1188	registro	38037
1189	tardar	38028
1190	nene	38013
1191	distancia	37852
1192	firmar	37824
1193	convencer	37816
1194	sostener	37814
1195	veras	37715
1196	solamente	37686
1197	pintar	37675
1198	batalla	37669
1199	brillante	37668
1200	culpable	37625
1201	vuelo	37575
1202	inocente	37493
1203	montaña	37468
1204	colegio	37414
1205	confianza	37366
1206	viento	37363
1207	fantástico	37347
1208	tratamiento	37260
1209	peseta	37219
1210	dueño	37201
1211	pensamiento	37190
1212	favorito	37186
1213	calor	37126
1214	armado	37083
1215	contrato	36953
1216	seguido	36920
1217	menudo	36915
1218	atender	36897
1219	rechazar	36894
1220	carácter	36787
1221	exterior	36752
1222	crisis	36735
1223	herido	36627
1224	interno	36623
1225	insistir	36585
1226	identificar	36582
1227	sospechoso	36434
1228	importancia	36430
1229	ciudadano	36407
1230	compra	36395
1231	constituir	36371
1232	cuello	36335
1233	práctica	36321
1234	aprovechar	36313
1235	campaña	36289
1236	sargento	36270
1237	sonreír	36227
1238	bala	36225
1239	acaso	36211
1240	calma	36207
1241	conjunto	36197
1242	fe	36140
1243	aquél	36049
1244	título	36026
1245	impedir	36025
1246	relajar	35934
1247	toque	35916
1248	té	35888
1249	comandante	35879
1250	colega	35793
1251	sucio	35771
1252	curso	35701
1253	adecuado	35690
1254	ruido	35655
1255	excepto	35573
1256	gana	35469
1257	pistola	35463
1258	leche	35444
1259	colgar	35424
1260	fútbol	35414
1261	u	35402
1262	afectar	35394
1263	vía	35388
1264	código	35387
1265	dedicar	35296
1266	pan	35267
1267	porqué	35231
1268	diente	35220
1269	calidad	35218
1270	amenaza	35134
1271	actitud	35071
1272	lengua	35054
1273	contener	35032
1274	dudar	34806
1275	ganado	34786
1276	pedido	34742
1277	región	34501
1278	gordo	34316
1279	beso	34295
1280	medicina	34273
1281	oferta	34242
1282	pérdida	34236
1283	estupendo	34222
1284	asustado	34219
1285	quemar	34196
1286	rostro	34131
1287	plaza	34055
1288	empleado	34028
1289	alcalde	33953
1290	definitivamente	33854
1291	pintura	33834
1292	parque	33824
1293	ridículo	33823
1294	silla	33804
1295	velocidad	33799
1296	texto	33778
1297	asiento	33766
1298	voluntad	33750
1299	ruso	33639
1300	laboratorio	33635
1301	mudar	33603
1302	comercial	33526
1303	tontería	33525
1304	particular	33505
1305	límite	33496
1306	camión	33490
1307	economía	33436
1308	botella	33429
1309	espectáculo	33429
1310	inmediatamente	33292
1311	visión	33289
1312	restaurante	33239
1313	IA	33217
1314	fantasma	33203
1315	pago	33183
1316	adivinar	33178
1317	discurso	33167
1318	rodear	33112
1319	planear	33072
1320	eliminar	33064
1321	apartamento	33053
1322	acceso	32923
1323	tony	32872
1324	estructura	32854
1325	cuento	32832
1326	congreso	32797
1327	carga	32768
1328	revista	32751
1329	kilómetro	32702
1330	mínimo	32698
1331	poseer	32621
1332	viernes	32619
1333	diverso	32595
1334	archivo	32534
1335	rayo	32442
1336	huella	32410
1337	pecho	32351
1338	vos	32312
1339	disco	32261
1340	plato	32258
1341	interesado	32247
1342	ambiente	32245
1343	instituto	32245
1344	socio	32228
1345	deshacer	32215
1346	jardín	32212
1347	exigir	32204
1348	poderoso	32152
1349	origen	32112
1350	entrevista	32079
1351	mediante	32079
1352	nariz	32078
1353	llenar	32069
1354	unión	32063
1355	tiro	32047
1356	evidencia	32031
1357	carretera	32002
1358	reloj	31998
1359	príncipe	31983
1360	perseguir	31942
1361	sábado	31933
1362	surgir	31915
1363	absolutamente	31886
1364	análisis	31872
1365	imbécil	31841
1366	renunciar	31696
1367	playa	31695
1368	rendir	31689
1369	cerdo	31659
1370	trampa	31654
1371	directamente	31621
1372	ladrón	31596
1373	turno	31536
1374	escoger	31525
1375	solicitar	31525
1376	dormido	31500
1377	empleo	31490
1378	describir	31480
1379	encender	31463
1380	ministerio	31395
1381	altura	31300
1382	comienzo	31286
1383	sensación	31285
1384	puente	31284
1385	trago	31273
1386	periodista	31263
1387	cercano	31239
1388	reducir	31227
1389	escenario	31215
1390	largar	31210
1391	corriente	31073
1392	cobrar	31066
1393	administración	31060
1394	barrio	31047
1395	gastar	31043
1396	emergencia	31036
1397	judío	31016
1398	propuesta	30971
1399	sombra	30962
1400	repente	30954
1401	cadena	30912
1402	monstruo	30895
1403	cadáver	30867
1404	temporada	30851
1405	institución	30822
1406	majestad	30786
1407	inventar	30772
1408	legal	30720
1409	vacación	30610
1410	requerir	30602
1411	acusar	30537
1412	disparo	30469
1413	precisamente	30441
1414	crédito	30428
1415	anillo	30414
1416	vistazo	30400
1417	parecido	30388
1418	ojalá	30318
1419	tecnología	30299
1420	hueso	30131
1421	federal	30126
1422	violencia	30118
1423	criminal	30103
1424	durar	30095
1425	revelar	30094
1426	original	30082
1427	montar	30058
1428	firma	29972
1429	respetar	29945
1430	conciencia	29942
1431	manifestar	29936
1432	moral	29858
1433	belleza	29823
1434	histórico	29800
1435	t	29776
1436	construcción	29772
1437	escritor	29749
1438	examen	29658
1439	débil	29636
1440	seguramente	29624
1441	moderno	29601
1442	corresponder	29581
1443	vestir	29550
1444	embarazado	29508
1445	escalera	29504
1446	mando	29431
1447	expresión	29429
1448	empujar	29417
1449	tamaño	29409
1450	lastimar	29351
1451	adulto	29329
1452	vehículo	29317
1453	amante	29294
1454	lavar	29288
1455	industria	29281
1456	ejercicio	29272
1457	pedazo	29207
1458	quieto	29106
1459	terreno	29100
1460	candidato	29076
1461	desnudo	29068
1462	universo	29041
1463	avanzar	28985
1464	extremo	28971
1465	materia	28957
1466	fresco	28935
1467	confesar	28887
1468	taxi	28886
1469	compromiso	28834
1470	circunstancia	28756
1471	fotografía	28710
1472	existencia	28686
1473	tratado	28686
1474	italiano	28635
1475	gas	28627
1476	obviamente	28625
1477	robo	28567
1478	practicar	28495
1479	hoja	28479
1480	protección	28479
1481	paseo	28444
1482	búsqueda	28439
1483	efectivo	28399
1484	canal	28353
1485	cultural	28315
1486	organizar	28289
1487	ignorar	28236
1488	experto	28181
1489	positivo	28142
1490	motor	28137
1491	aplicar	28106
1492	arrancar	28076
1493	cuchillo	28067
1494	norteamericano	28061
1495	concepto	28049
1496	sencillo	28047
1497	votar	28023
1498	lunes	28014
1499	cabello	27992
1500	fallar	27958
1501	conservar	27932
1502	atrapado	27922
1503	mexicano	27906
1504	complicado	27847
1505	beneficio	27792
1506	método	27773
1507	bebida	27742
1508	deuda	27675
1509	rogar	27661
1510	clave	27658
1511	norma	27657
1512	encantador	27627
1513	inspector	27596
1514	agregar	27593
1515	cinta	27570
1516	pleno	27558
1517	demanda	27550
1518	aprobar	27549
1519	saludar	27513
1520	jodido	27497
1521	contento	27466
1522	ciego	27432
1523	comunicar	27421
1524	alimentar	27396
1525	ritmo	27380
1526	bola	27361
1527	ventaja	27293
1528	representante	27212
1529	asociación	27195
1530	fingir	27167
1531	pantalones	27156
1532	lluvia	27074
1533	versión	27049
1534	meta	27012
1535	interrumpir	27008
1536	autobús	26987
1537	enfermero	26973
1538	república	26970
1539	Sr.	26945
1540	cargar	26921
1541	socialista	26920
1542	adorar	26873
1543	asistir	26845
1544	inversión	26842
1545	agencia	26836
1546	preciso	26836
1547	desastre	26825
1548	jurado	26820
1549	explotar	26787
1550	financiero	26769
1551	resistir	26762
1552	dama	26743
1553	cien	26723
1554	plazo	26694
1555	analizar	26688
1556	borracho	26687
1557	atravesar	26627
1558	alimento	26606
1559	etapa	26579
1560	letra	26577
1561	actuación	26564
1562	determinado	26559
1563	formación	26515
1564	seco	26512
1565	competencia	26501
1566	pelota	26495
1567	impuesto	26459
1568	secundario	26459
1569	novela	26451
1570	rueda	26427
1571	recién	26397
1572	revolución	26368
1573	bienvenida	26341
1574	desconocido	26335
1575	agujero	26329
1576	delito	26322
1577	damas	26317
1578	humor	26294
1579	pez	26264
1580	factor	26257
1581	salón	26234
1582	británico	26152
1583	cómodo	26131
1584	contenido	26037
1585	hielo	26015
1586	inútil	25983
1587	descanso	25982
1588	perfectamente	25965
1589	comentar	25936
1590	aclarar	25843
1591	acusado	25842
1592	arrastrar	25820
1593	aventura	25806
1594	culpar	25786
1595	conde	25752
1596	espada	25741
1597	polvo	25725
1598	atraer	25714
1599	crítica	25700
1600	suficientemente	25697
1601	clásico	25695
1602	plano	25683
1603	frontera	25680
1604	alumno	25662
1605	conferencia	25638
1606	veinte	25615
1607	plantear	25604
1608	acudir	25600
1609	feo	25585
1610	aburrido	25578
1611	vaso	25578
1612	dios	25504
1613	ejecutivo	25475
1614	sombrero	25472
1615	territorio	25471
1616	palacio	25469
1617	generación	25393
1618	indio	25334
1619	coincidir	25305
1620	destacar	25201
1621	concentrar	25196
1622	arriesgar	25185
1623	honesto	25172
1624	pájaro	25148
1625	mayo	25130
1626	sesión	25078
1627	comité	25074
1628	hecho	25063
1629	roca	25061
1630	disponer	25051
1631	organismo	25011
1632	frase	25005
1633	marco	24999
1634	reacción	24975
1635	muchísimo	24969
1636	activo	24965
1637	característica	24907
1638	relacionado	24905
1639	similar	24858
1640	criar	24834
1641	helado	24828
1642	reino	24823
1643	lento	24816
1644	deporte	24814
1645	tender	24804
1646	juzgar	24799
1647	pesado	24760
1648	gasto	24724
1649	emoción	24678
1650	conflicto	24677
1651	firme	24672
1652	operar	24650
1653	hombro	24641
1654	cocinar	24639
1655	pollo	24633
1656	dificultad	24628
1657	labio	24615
1658	explicación	24552
1659	habilidad	24533
1660	brujo	24522
1661	entrenador	24518
1662	procedimiento	24518
1663	vergüenza	24503
1664	capítulo	24501
1665	alcohol	24456
1666	sabio	24420
1667	útil	24418
1668	enojado	24410
1669	coño	24407
1670	aeropuerto	24363
1671	olor	24360
1672	aumento	24357
1673	opinar	24354
1674	oscuridad	24347
1675	grito	24325
1676	bastardo	24285
1677	usado	24285
1678	comportamiento	24270
1679	instalar	24263
1680	identidad	24258
1681	químico	24248
1682	prisionero	24230
1683	superficie	24227
1684	estadounidense	24219
1685	madera	24217
1686	transformar	24217
1687	imponer	24185
1688	claramente	24184
1689	truco	24163
1690	filmar	24161
1691	masa	24154
1692	piloto	24131
1693	oeste	24124
1694	conceder	24120
1695	anciano	24072
1696	talento	24070
1697	princesa	24032
1698	transporte	24030
1699	bolsillo	24021
1700	complejo	23996
1701	eléctrico	23967
1702	sonrisa	23963
1703	conexión	23938
1704	valiente	23938
1705	plata	23929
1706	lenguaje	23903
1707	apreciar	23899
1708	copia	23896
1709	puto	23883
1710	gloria	23881
1711	suelto	23878
1712	impresión	23831
1713	vencer	23784
1714	básico	23783
1715	religioso	23778
1716	promesa	23745
1717	amplio	23744
1718	nacido	23732
1719	gobernador	23727
1720	moneda	23725
1721	creación	23702
1722	alegría	23696
1723	extrañar	23670
1724	funcionario	23642
1725	camisa	23633
1726	esquina	23614
1727	rezar	23559
1728	pastel	23517
1729	interpretar	23499
1730	criatura	23466
1731	temperatura	23463
1732	determinar	23418
1733	apuesta	23416
1734	atractivo	23375
1735	adquirir	23342
1736	espejo	23284
1737	crecimiento	23279
1738	obligado	23276
1739	grabar	23263
1740	entrega	23242
1741	inteligencia	23238
1742	violar	23194
1743	museo	23167
1744	septiembre	23145
1745	preocupación	23120
1746	arrojar	23116
1747	reciente	23102
1748	terrorista	23083
1749	profundar	23054
1750	diputado	23038
1751	tono	23037
1752	fenómeno	23030
1753	magia	23011
1754	frecuencia	22989
1755	techo	22965
1756	comportar	22958
1757	régimen	22940
1758	reserva	22914
1759	detente	22855
1760	amistad	22853
1761	década	22832
1762	cáncer	22806
1763	ingreso	22804
1764	reforma	22766
1765	cura	22763
1766	salvaje	22758
1767	queso	22747
1768	tradición	22719
1769	proceder	22715
1770	referencia	22702
1771	rodilla	22700
1772	mapa	22699
1773	gracia	22694
1774	participación	22679
1775	normalmente	22640
1776	lección	22637
1777	caber	22628
1778	concierto	22628
1779	comercio	22599
1780	campeón	22589
1781	auténtico	22558
1782	octubre	22542
1783	lago	22534
1784	extra	22524
1785	señoría	22482
1786	profundo	22481
1787	milagro	22465
1788	paquete	22437
1789	papi	22426
1790	correo	22417
1791	estrategia	22400
1792	instante	22392
1793	diciembre	22381
1794	dividir	22377
1795	sección	22342
1796	enfadado	22339
1797	influencia	22321
1798	probable	22300
1799	junio	22290
1800	introducir	22281
1801	cristiano	22277
1802	traicionar	22273
1803	generar	22198
1804	enamorar	22193
1805	extraordinario	22186
1806	abril	22177
1807	ángel	22168
1808	industrial	22150
1809	girar	22146
1810	aceite	22138
1811	almuerzo	22106
1812	adoptar	22063
1813	individuo	22062
1814	abrazar	22036
1815	impresionante	22026
1816	costumbre	22020
1817	cuerda	22016
1818	enero	22008
1819	pecado	22001
1820	computadora	21991
1821	exposición	21979
1822	escondido	21974
1823	despacio	21970
1824	cigarrillo	21953
1825	cancelar	21943
1826	electoral	21923
1827	mental	21923
1828	chino	21920
1829	fundamental	21916
1830	risa	21908
1831	rápidamente	21905
1832	curioso	21872
1833	taza	21870
1834	senador	21835
1835	extender	21824
1836	moda	21811
1837	instrumento	21807
1838	genio	21806
1839	democracia	21734
1840	dominar	21722
1841	encerrar	21718
1842	tormenta	21698
1843	tumba	21690
1844	lobo	21683
1845	signo	21673
1846	trasladar	21669
1847	móvil	21652
1848	doce	21638
1849	ganador	21622
1850	presionar	21612
1851	suave	21611
1852	definir	21601
1853	últimamente	21591
1854	marcar	21538
1855	fase	21535
1856	personalidad	21532
1857	tráfico	21504
1858	mono	21465
1859	anuncio	21455
1860	alternativa	21433
1861	recomendar	21431
1862	lucir	21405
1863	concluir	21399
1864	fortuna	21346
1865	campamento	21324
1866	gesto	21318
1867	garantizar	21305
1868	cabrón	21280
1869	combate	21275
1870	amarillo	21242
1871	tesoro	21239
1872	patrón	21237
1873	específico	21234
1874	hundir	21234
1875	dirigido	21219
1876	femenino	21205
1877	libra	21200
1878	charles	21185
1879	concreto	21185
1880	evento	21142
1881	presupuesto	21134
1882	fábrica	21096
1883	cifra	21083
1884	despacho	21071
1885	división	21063
1886	breve	21047
1887	azúcar	21046
1888	cola	21045
1889	uniforme	21040
1890	asistente	21023
1891	ADN	21017
1892	raíz	21017
1893	comentario	20998
1894	conductor	20932
1895	separado	20904
1896	ilegal	20866
1897	amenazar	20809
1898	desayuno	20807
1899	incendio	20804
1900	morder	20797
1901	martes	20791
1902	bote	20776
1903	treinta	20771
1904	gira	20750
1905	experimentar	20724
1906	esclavo	20695
1907	musical	20652
1908	pasión	20646
1909	integrar	20595
1910	democrático	20592
1911	conducta	20566
1912	rumor	20560
1913	ruta	20547
1914	aplicación	20533
1915	municipal	20523
1916	jueves	20517
1917	mentiroso	20517
1918	rica	20506
1919	consciente	20497
1920	lástima	20471
1921	japonés	20470
1922	carro	20467
1923	tradicional	20465
1924	ahorrar	20439
1925	fila	20434
1926	toro	20400
1927	curar	20370
1928	apurar	20340
1929	conformar	20336
1930	definitivo	20334
1931	cristal	20310
1932	pescado	20294
1933	capturar	20290
1934	sano	20263
1935	gratis	20243
1936	tropa	20214
1937	dirigente	20201
1938	previsto	20201
1939	presentación	20195
1940	transmitir	20177
1941	presentado	20157
1942	grandioso	20146
1943	mina	20145
1944	homicidio	20140
1945	obvio	20117
1946	instalación	20112
1947	pesadilla	20109
1948	círculo	20107
1949	basado	20077
1950	humanidad	20071
1951	borrar	20066
1952	marzo	20047
1953	aéreo	20038
1954	bienvenido	20022
1955	chocolate	19994
1956	ala	19960
1957	adolescente	19935
1958	ahogar	19932
1959	virgen	19918
1960	contemplar	19915
1961	prácticamente	19913
1962	regalar	19913
1963	componer	19888
1964	oso	19883
1965	sincero	19874
1966	oreja	19857
1967	gigante	19856
1968	quejarse	19848
1969	cero	19847
1970	condenado	19846
1971	barato	19832
1972	tensión	19797
1973	romántico	19774
1974	contactar	19765
1975	maleta	19759
1976	negociación	19744
1977	amado	19738
1978	harto	19732
1979	violento	19694
1980	pata	19649
1981	denunciar	19643
1982	celular	19635
1983	punta	19615
1984	noviembre	19599
1985	explosión	19555
1986	invierno	19555
1987	diseño	19543
1988	mágico	19530
1989	emitir	19509
1990	poeta	19508
1991	discusión	19489
1992	judicial	19484
1993	actualmente	19471
1994	excusa	19465
1995	consistir	19464
1996	soltero	19455
1997	célula	19446
1998	conclusión	19444
1999	productor	19441
2000	pillar	19432
2001	enterrar	19376
2002	rata	19326
2003	pasillo	19285
2004	r	19265
2005	tenia	19243
2006	comunista	19231
2007	lectura	19199
2008	intervenir	19194
2009	desgracia	19193
2010	oposición	19154
2011	telefónico	19153
2012	caída	19149
2013	partida	19144
2014	ensayo	19143
2015	medir	19140
2016	perdido	19138
2017	puesta	19135
2018	desierto	19130
2019	sospechar	19099
2020	conectar	19092
2021	muñeca	19071
2022	gallo	19039
2023	venganza	19034
2024	negociar	19026
2025	detectar	19018
2026	episodio	19014
2027	entrenamiento	18996
2028	solitario	18981
2029	proporcionar	18963
2030	ideal	18937
2031	consumo	18931
2032	sagrado	18927
2033	secuestrar	18913
2034	examinar	18900
2035	misterio	18896
2036	pantalla	18896
2037	clínica	18892
2038	magnífico	18874
2039	animar	18836
2040	habitual	18820
2041	dicho	18789
2042	instrucción	18781
2043	llegada	18768
2044	encargado	18760
2045	billete	18758
2046	agosto	18701
2047	afectado	18697
2048	estómago	18693
2049	disposición	18691
2050	involucrado	18684
2051	parado	18681
2052	provincia	18674
2053	asqueroso	18658
2054	afortunado	18656
2055	solucionar	18649
2056	aparentemente	18618
2057	alianza	18597
2058	destinado	18592
2059	kilo	18575
2060	acceder	18550
2061	constante	18544
2062	igualmente	18521
2063	comisario	18517
2064	manzana	18497
2065	aparato	18476
2066	nieve	18476
2067	deportivo	18472
2068	disponible	18470
2069	pasear	18431
2070	criterio	18425
2071	cheque	18402
2072	nube	18398
2073	rastro	18387
2074	numeroso	18386
2075	titular	18374
2076	debate	18372
2077	intervención	18364
2078	delicioso	18354
2079	cable	18325
2080	independiente	18324
2081	distrito	18297
2082	acostumbrar	18294
2083	vaca	18292
2084	empresario	18274
2085	hierba	18273
2086	tendencia	18268
2087	sobrino	18258
2088	arena	18249
2089	traducir	18231
2090	intenso	18230
2091	celoso	18228
2092	virus	18195
2093	mama	18187
2094	cobarde	18178
2095	cirugía	18158
2096	guarda	18145
2097	ira	18145
2098	implicar	18141
2099	muro	18141
2100	perspectiva	18134
2101	edición	18121
2102	sindicato	18120
2103	sacerdote	18118
2104	lío	18113
2105	órgano	18094
2106	resistencia	18072
2107	dibujo	18069
2108	cubierta	18062
2109	incorporar	18055
2110	confundir	18029
2111	alcance	18012
2112	nieto	17997
2113	convencido	17990
2114	nuclear	17984
2115	funeral	17958
2116	whisky	17942
2117	ocupada	17919
2118	sorprendido	17901
2119	bandera	17898
2120	vasco	17898
2121	mami	17894
2122	diversión	17887
2123	convenir	17872
2124	molesto	17826
2125	patio	17816
2126	investigador	17776
2127	católico	17742
2128	ejercer	17729
2129	dedicado	17728
2130	expulsar	17724
2131	entrenar	17720
2132	selección	17707
2133	deprisa	17701
2134	recientemente	17678
2135	apestar	17663
2136	milla	17662
2137	nuevamente	17658
2138	nadar	17629
2139	charla	17624
2140	cierre	17624
2141	concurso	17600
2142	ayuntamiento	17591
2143	entidad	17579
2144	exponer	17566
2145	anteriormente	17531
2146	botón	17511
2147	universitario	17507
2148	recorrer	17503
2149	colectivo	17492
2150	interrogar	17486
2151	miércoles	17486
2152	biblioteca	17440
2153	religión	17439
2154	personalmente	17423
2155	contribuir	17417
2156	ordenador	17416
2157	centavo	17408
2158	pendiente	17407
2159	permanente	17403
2160	lágrima	17396
2161	evidente	17379
2162	granja	17371
2163	librar	17368
2164	incidente	17367
2165	jornada	17335
2166	apretar	17317
2167	encerrado	17312
2168	bordo	17309
2169	licencia	17309
2170	quince	17309
2171	abrigo	17298
2172	síntoma	17298
2173	desesperado	17292
2174	parada	17250
2175	bolso	17239
2176	placa	17229
2177	fijo	17222
2178	nacimiento	17205
2179	salsa	17205
2180	cubano	17193
2181	inicial	17181
2182	cagar	17161
2183	herir	17158
2184	previo	17158
2185	evolución	17155
2186	ánimo	17148
2187	reflejar	17134
2188	plástico	17132
2189	templo	17130
2190	propietario	17114
2191	acusación	17102
2192	camioneta	17098
2193	vela	17096
2194	obstante	17093
2195	emperador	17079
2196	facilitar	17076
2197	curiosidad	17061
2198	caza	17056
2199	representación	17056
2200	intelectual	17032
2201	identificación	17018
2202	infantil	17000
2203	petición	16999
2204	juventud	16996
2205	coincidencia	16993
2206	vigilancia	16973
2207	básicamente	16943
2208	romano	16938
2209	bloquear	16917
2210	estatal	16902
2211	retroceder	16890
2212	torre	16874
2213	publicidad	16869
2214	admirar	16861
2215	arrepentirse	16854
2216	cazar	16851
2217	saco	16849
2218	gestión	16846
2219	volumen	16844
2220	mortal	16836
2221	bestia	16832
2222	amanecer	16825
2223	guía	16821
2224	inferior	16821
2225	tabla	16815
2226	humo	16796
2227	labor	16796
2228	efectuar	16787
2229	negativo	16763
2230	suicidar	16763
2231	obedecer	16752
2232	celda	16729
2233	derrotar	16692
2234	fácilmente	16690
2235	alarma	16688
2236	espacial	16674
2237	agradar	16663
2238	rico	16658
2239	continuación	16645
2240	lamentar	16645
2241	aviso	16643
2242	policial	16643
2243	ceremonia	16635
2244	significado	16633
2245	basar	16631
2246	ausencia	16628
2247	chaqueta	16627
2248	noble	16620
2249	pagado	16606
2250	iniciativa	16592
2251	ave	16591
2252	consumir	16587
2253	reclamar	16573
2254	traducción	16557
2255	bendecir	16548
2256	torno	16546
2257	obligación	16538
2258	obrero	16537
2259	temor	16530
2260	desgraciado	16527
2261	llover	16522
2262	pete	16520
2263	progreso	16470
2264	castigo	16465
2265	continuo	16451
2266	contentar	16449
2267	ligero	16440
2268	clima	16423
2269	wow	16416
2270	triunfo	16410
2271	maravilla	16407
2272	caro	16397
2273	borde	16385
2274	febrero	16385
2275	suicidio	16379
2276	tragar	16371
2277	ciertamente	16356
2278	elegante	16355
2279	establecido	16348
2280	escala	16334
2281	juntar	16334
2282	ingresar	16329
2283	cruel	16306
2284	cincuenta	16300
2285	símbolo	16300
2286	brindar	16284
2287	rescatar	16280
2288	semejante	16277
2289	primavera	16274
2290	palo	16272
2291	fruta	16236
2292	poquito	16236
2293	mecanismo	16224
2294	tranquilizar	16223
2295	campesino	16214
2296	alerta	16201
2297	suma	16201
2298	impacto	16200
2299	regular	16199
2300	ronda	16198
2301	organizado	16182
2302	asombroso	16179
2303	prohibido	16178
2304	vivienda	16161
2305	ceder	16158
2306	felicitación	16155
2307	mate	16149
2308	sabor	16137
2309	argumento	16135
2310	tribu	16122
2311	barra	16083
2312	retener	16046
2313	escaso	16032
2314	categoría	16028
2315	mancha	16025
2316	camarero	16016
2317	dimensión	16016
2318	saludo	16012
2319	preso	16008
2320	capa	16002
2321	percibir	16002
2322	avance	15988
2323	pasajero	15978
2324	digno	15976
2325	orgullo	15976
2326	coma	15971
2327	excepción	15944
2328	margen	15938
2329	encargo	15914
2330	salto	15911
2331	típico	15905
2332	urbano	15900
2333	cartel	15896
2334	metal	15893
2335	absurdo	15887
2336	urgente	15887
2337	electrónico	15865
2338	huelga	15862
2339	ofender	15851
2340	temporal	15835
2341	sentencia	15834
2342	rastrear	15825
2343	hierro	15809
2344	inclinar	15790
2345	brillar	15784
2346	acostumbrado	15780
2347	solar	15767
2348	tasa	15767
2349	atar	15766
2350	completar	15740
2351	convocar	15732
2352	desafío	15732
2353	armario	15726
2354	trozo	15706
2355	experimento	15664
2356	serpiente	15659
2357	disminuir	15656
2358	arder	15655
2359	festival	15653
2360	miel	15653
2361	sustituir	15652
2362	imaginación	15640
2363	paciencia	15636
2364	raza	15636
2365	consultar	15629
2366	regional	15625
2367	calcular	15614
2368	limitar	15611
2369	poema	15604
2370	piscina	15584
2371	artístico	15576
2372	manifestación	15571
2373	elevado	15569
2374	chiste	15565
2375	depósito	15562
2376	reemplazar	15557
2377	pp	15553
2378	patear	15550
2379	modificar	15542
2380	ilusión	15517
2381	nocturno	15500
2382	elevar	15485
2383	griego	15475
2384	literatura	15472
2385	cubierto	15469
2386	eterno	15465
2387	diálogo	15459
2388	agradecido	15455
2389	mezcla	15452
2390	asimismo	15446
2391	comparar	15442
2392	externo	15438
2393	embajador	15424
2394	apropiado	15417
2395	enojar	15417
2396	fracaso	15407
2397	herramienta	15394
2398	espía	15368
2399	expediente	15362
2400	reaccionar	15356
2401	reconocimiento	15350
2402	rodar	15344
2403	fundar	15336
2404	soviético	15330
2405	sensible	15329
2406	aportar	15296
2407	fino	15286
2408	imperio	15281
2409	laboral	15278
2410	denuncia	15276
2411	gol	15269
2412	voluntario	15253
2413	colección	15244
2414	crítico	15243
2415	divorcio	15230
2416	sopa	15227
2417	violación	15221
2418	encajar	15219
2419	costo	15216
2420	lector	15203
2421	localizar	15201
2422	juguete	15197
2423	parlamento	15192
2424	fantasía	15188
2425	misterioso	15179
2426	enfadar	15173
2427	fiel	15170
2428	anotar	15157
2429	sustancia	15139
2430	castigar	15137
2431	facultad	15127
2432	potencial	15124
2433	burlar	15102
2434	occidental	15096
2435	leyenda	15092
2436	naturalmente	15067
2437	sospecha	15051
2438	escolar	15049
2439	queja	15046
2440	perfil	15033
2441	escándalo	15029
2442	habitante	15028
2443	columna	15010
2444	arresto	15006
2445	poesía	15004
2446	sacrificio	15004
2447	bienes	14979
2448	avergonzar	14971
2449	aumentar	14963
2450	ingeniero	14961
2451	fórmula	14957
2452	oponer	14954
2453	vomitar	14950
2454	alquilar	14946
2455	situar	14944
2456	cortado	14942
2457	dibujar	14936
2458	consejero	14928
2459	cazador	14916
2460	alejado	14908
2461	fabricar	14907
2462	onda	14907
2463	testimonio	14890
2464	comprometer	14887
2465	monte	14884
2466	joya	14880
2467	repartir	14872
2468	gerente	14854
2469	ambulancia	14852
2470	otorgar	14827
2471	inicio	14821
2472	traidor	14820
2473	emocionado	14809
2474	cantante	14808
2475	sumar	14805
2476	despierto	14803
2477	residencia	14802
2478	múltiple	14796
2479	lord	14794
2480	monje	14789
2481	pasta	14785
2482	mezclar	14780
2483	océano	14777
2484	justificar	14773
2485	vital	14765
2486	involucrar	14749
2487	perdedor	14743
2488	posterior	14720
2489	delicado	14719
2490	pene	14710
2491	juzgado	14696
2492	distinguir	14694
2493	garganta	14692
2494	aproximadamente	14687
2495	dorado	14687
2496	once	14681
2497	fracasar	14675
2498	terapia	14663
2499	aterrizar	14647
2500	portar	14641
2501	reportar	14637
2502	ja	14629
2503	cuarenta	14614
2504	medicamento	14599
2505	comprometido	14594
2506	esencial	14591
2507	avanzado	14590
2508	vampiro	14587
2509	grano	14579
2510	docena	14567
2511	sacrificar	14563
2512	potencia	14553
2513	nombrar	14532
2514	galleta	14511
2515	construido	14506
2516	adelantar	14493
2517	revolucionario	14483
2518	casualidad	14475
2519	género	14474
2520	reparar	14470
2521	horno	14467
2522	valioso	14462
2523	individual	14455
2524	piano	14444
2525	ducha	14415
2526	fiebre	14409
2527	alegre	14400
2528	ámbito	14396
2529	tirado	14381
2530	criticar	14367
2531	global	14331
2532	correspondiente	14328
2533	incómodo	14324
2534	emplear	14305
2535	desagradable	14303
2536	idioma	14287
2537	ciclo	14280
2538	mecánico	14275
2539	escritorio	14267
2540	rama	14264
2541	refugio	14261
2542	firmado	14251
2543	remedio	14237
2544	circular	14234
2545	dormitorio	14193
2546	jurídico	14193
2547	ejecutar	14181
2548	horario	14157
2549	recompensa	14153
2550	especialista	14146
2551	catalán	14141
2552	gris	14140
2553	rumbo	14138
2554	satisfecho	14121
2555	sótano	14116
2556	arroz	14108
2557	pintor	14104
2558	antecedente	14075
2559	video	14071
2560	gobernar	14069
2561	lentamente	14069
2562	tanque	14060
2563	f	14052
2564	prostituto	14036
2565	gemelo	13996
2566	crema	13991
2567	taller	13977
2568	posiblemente	13969
2569	acontecimiento	13957
2570	guiar	13957
2571	generalmente	13938
2572	competir	13923
2573	bota	13921
2574	duque	13921
2575	ola	13917
2576	sofá	13907
2577	concentración	13904
2578	pastilla	13904
2579	salario	13900
2580	verificar	13899
2581	arreglo	13887
2582	corredor	13885
2583	asamblea	13882
2584	colonia	13868
2585	rescate	13865
2586	marcado	13820
2587	despedida	13818
2588	malvado	13816
2589	asalto	13812
2590	estimar	13804
2591	lesión	13799
2592	calentar	13796
2593	cargado	13792
2594	filosofía	13774
2595	temblar	13756
2596	urgencia	13752
2597	aparición	13749
2598	estallar	13742
2599	anual	13727
2600	bicicleta	13716
2601	invitación	13715
2602	ayudante	13705
2603	observación	13703
2604	cansar	13702
2605	informado	13693
2606	combustible	13690
2607	almacén	13683
2608	abordar	13654
2609	túnel	13648
2610	viudo	13648
2611	fruto	13632
2612	lógica	13625
2613	sólido	13625
2614	academia	13606
2615	citado	13601
2616	impulso	13577
2617	líquido	13549
2618	actualidad	13548
2619	máscara	13541
2620	protesta	13536
2621	veneno	13532
2622	cartera	13512
2623	aliado	13510
2624	lejano	13502
2625	derivar	13496
2626	encendido	13495
2627	canto	13493
2628	situado	13475
2629	tejido	13469
2630	enseñanza	13466
2631	vendedor	13465
2632	fundación	13460
2633	nervio	13459
2634	ascender	13455
2635	helicóptero	13439
2636	centrar	13432
2637	significativo	13425
2638	equilibrio	13399
2639	garantía	13372
2640	camarada	13371
2641	invertir	13369
2642	generoso	13367
2643	directivo	13345
2644	zorra	13337
2645	latino	13332
2646	moto	13324
2647	soledad	13320
2648	plantar	13317
2649	aconsejar	13316
2650	vicepresidente	13316
2651	guión	13314
2652	primario	13303
2653	lujo	13300
2654	esperado	13286
2655	sede	13283
2656	sujetar	13280
2657	dosis	13260
2658	grabación	13250
2659	petróleo	13237
2660	bailarín	13236
2661	recuperación	13234
2662	conectado	13229
2663	consulta	13222
2664	apellido	13198
2665	batir	13187
2666	colina	13186
2667	adorable	13178
2668	presidencia	13176
2669	pacto	13162
2670	descartar	13152
2671	derribar	13138
2672	valorar	13137
2673	sorprendente	13134
2674	músico	13120
2675	virtud	13110
2676	casco	13107
2677	interpretación	13103
2678	secuestro	13093
2679	solicitud	13081
2680	diagnóstico	13077
2681	pescar	13075
2682	reto	13070
2683	aguardar	13067
2684	estropear	13067
2685	pariente	13065
2686	ácido	13055
2687	citar	13040
2688	rebelde	13038
2689	confundido	13037
2690	novedad	13036
2691	federación	13010
2692	frecuente	12999
2693	asociado	12996
2694	rival	12994
2695	cerebral	12982
2696	tragedia	12976
2697	distribución	12968
2698	pánico	12968
2699	dispositivo	12957
2700	infancia	12950
2701	tubo	12937
2702	divino	12936
2703	riqueza	12905
2704	protagonista	12899
2705	falla	12896
2706	genético	12889
2707	ejecución	12877
2708	razonable	12852
2709	naranja	12850
2710	poli	12842
2711	apariencia	12839
2712	medianoche	12839
2713	almorzar	12836
2714	encanto	12828
2715	pluma	12821
2716	izquierdo	12820
2717	enterrado	12816
2718	principalmente	12812
2719	dragón	12811
2720	teta	12801
2721	limpieza	12784
2722	penal	12771
2723	timar	12766
2724	tele	12759
2725	combatir	12757
2726	grasa	12747
2727	liberal	12747
2728	multitud	12744
2729	cinturón	12741
2730	frito	12740
2731	protegido	12732
2732	gota	12710
2733	logro	12701
2734	préstamo	12699
2735	cañón	12692
2736	excelencia	12685
2737	forense	12682
2738	rehén	12670
2739	debilidad	12643
2740	pozo	12631
2741	depresión	12628
2742	independencia	12620
2743	instinto	12614
2744	patria	12601
2745	conejo	12585
2746	automóvil	12582
2747	incrementar	12567
2748	abrazo	12559
2749	forzar	12548
2750	sueldo	12545
2751	pavo	12536
2752	Hacienda	12524
2753	parlamentario	12524
2754	pastor	12524
2755	feria	12519
2756	sobrar	12518
2757	arco	12512
2758	sangrar	12504
2759	argentino	12499
2760	apetecer	12498
2761	emocionante	12484
2762	espectador	12481
2763	aliento	12476
2764	flota	12469
2765	músculo	12459
2766	postura	12450
2767	mejora	12449
2768	recurrir	12443
2769	paro	12442
2770	camiseta	12439
2771	infección	12438
2772	retrato	12438
2773	chupar	12437
2774	paisaje	12430
2775	descender	12428
2776	lanza	12414
2777	aniversario	12410
2778	estadio	12385
2779	ampliar	12354
2780	destrozar	12354
2781	transportar	12354
2782	descubrimiento	12350
2783	pronunciar	12346
2784	destrucción	12345
2785	rubio	12345
2786	gasolina	12329
2787	estrecho	12317
2788	payaso	12317
2789	resolución	12315
2790	descripción	12297
2791	profundamente	12295
2792	doloroso	12294
2793	vencido	12293
2794	callado	12292
2795	doblar	12290
2796	guante	12280
2797	favorecer	12277
2798	jovencito	12267
2799	socorro	12260
2800	grabado	12256
2801	universal	12213
2802	profundidad	12212
2803	quemado	12209
2804	condena	12190
2805	masculino	12188
2806	torneo	12184
2807	patata	12172
2808	emocional	12168
2809	vincular	12161
2810	asistencia	12155
2811	ajeno	12153
2812	invadir	12146
2813	reducido	12145
2814	verdaderamente	12143
2815	funcionamiento	12140
2816	asco	12139
2817	componente	12136
2818	dieta	12132
2819	reputación	12124
2820	entorno	12121
2821	biológico	12120
2822	relativo	12112
2823	extraer	12104
2824	administrativo	12099
2825	paraíso	12096
2826	miserable	12074
2827	profesión	12072
2828	terror	12049
2829	conversar	12047
2830	íntimo	12033
2831	oficio	12030
2832	galería	12017
2833	enfrente	12015
2834	probabilidad	12014
2835	madame	12008
2836	bloque	11994
2837	derrota	11994
2838	pensión	11987
2839	semilla	11987
2840	inmenso	11985
2841	fabuloso	11979
2842	alterar	11973
2843	visitante	11973
2844	mediodía	11965
2845	batería	11960
2846	estupidez	11950
2847	alquiler	11945
2848	disciplina	11943
2849	dominio	11939
2850	ron	11935
2851	posesión	11932
2852	explosivo	11928
2853	preparación	11912
2854	hilo	11909
2855	pico	11905
2856	costado	11892
2857	sufrimiento	11891
2858	lata	11885
2859	programar	11881
2860	impulsar	11875
2861	alteza	11869
2862	follar	11862
2863	cementerio	11859
2864	cuartel	11849
2865	comando	11847
2866	promover	11841
2867	limitado	11836
2868	provenir	11805
2869	transmisión	11805
2870	molestia	11798
2871	collar	11787
2872	comisaría	11787
2873	relacionar	11786
2874	pulso	11781
2875	hábito	11768
2876	recibo	11757
2877	entrevistar	11752
2878	portavoz	11736
2879	incremento	11735
2880	captar	11734
2881	gravedad	11724
2882	apertura	11720
2883	usuario	11719
2884	combinación	11716
2885	espiritual	11711
2886	literalmente	11711
2887	despejado	11708
2888	intercambio	11706
2889	estable	11704
2890	campeonato	11699
2891	expuesto	11699
2892	custodia	11698
2893	consideración	11693
2894	patético	11693
2895	someter	11692
2896	sacudir	11690
2897	medalla	11684
2898	esforzar	11680
2899	guitarra	11679
2900	avenida	11678
2901	únicamente	11674
2902	índice	11673
2903	insultar	11670
2904	furioso	11668
2905	atado	11667
2906	literario	11665
2907	conquistar	11663
2908	recorrido	11647
2909	educativo	11642
2910	notable	11641
2911	concepción	11632
2912	pasaporte	11626
2913	prioridad	11623
2914	condado	11617
2915	carecer	11616
2916	empeorar	11604
2917	aldea	11603
2918	compensar	11598
2919	liberación	11590
2920	prohibir	11587
2921	chocar	11583
2922	subtítulo	11581
2923	procurar	11579
2924	uña	11565
2925	demandar	11564
2926	jo	11559
2927	oficialmente	11551
2928	árabe	11546
2929	cálculo	11540
2930	armar	11538
2931	porcentaje	11534
2932	torturar	11530
2933	ratón	11520
2934	súper	11517
2935	colaboración	11511
2936	cesar	11505
2937	opuesto	11502
2938	vengar	11502
2939	campana	11497
2940	giro	11497
2941	mato	11495
2942	acelerar	11490
2943	euro	11475
2944	psicológico	11470
2945	núcleo	11457
2946	acumular	11449
2947	receta	11444
2948	tigre	11444
2949	atmósfera	11437
2950	atribuir	11421
2951	transferir	11414
2952	ligar	11404
2953	cuarta	11400
2954	olvido	11398
2955	tripulación	11395
2956	pulmón	11389
2957	proyectar	11378
2958	oración	11376
2959	lidiar	11364
2960	impresionar	11361
2961	pegado	11361
2962	calificar	11357
2963	man	11357
2964	autónomo	11354
2965	ascensor	11342
2966	decente	11324
2967	tonelada	11323
2968	seno	11312
2969	radical	11310
2970	corrupción	11309
2971	presa	11307
2972	dictar	11304
2973	danza	11301
2974	definición	11295
2975	finalizar	11293
2976	fuga	11288
2977	obispo	11273
2978	miro	11267
2979	adaptar	11250
2980	suplicar	11250
2981	beneficiar	11228
2982	cuestionar	11225
2983	artificial	11218
2984	cuán	11209
2985	boleto	11204
2986	bombero	11193
2987	drama	11193
2988	barba	11185
2989	constitucional	11184
2990	paliza	11173
2991	exceso	11171
2992	ancho	11161
2993	diplomático	11157
2994	masivo	11137
2995	tomate	11125
2996	orgánico	11120
2997	exclusivo	11117
2998	circuito	11108
2999	tremendo	11096
3000	patrulla	11083
3001	hueco	11080
3002	contexto	11079
3003	inconsciente	11079
3004	satélite	11065
3005	evaluación	11062
3006	celebración	11060
3007	cuadrado	11060
3008	ganancia	11056
3009	amén	11053
3010	confesión	11053
3011	manipular	11052
3012	aprecio	11050
3013	champán	11047
3014	jugo	11047
3015	dignidad	11042
3016	fallo	11019
3017	aficionado	11011
3018	ajustar	11007
3019	aburrir	11004
3020	aislado	10992
3021	cultivo	10992
3022	pisar	10987
3023	desayunar	10986
3024	postre	10983
3025	incapaz	10968
3026	dramático	10966
3027	reservado	10946
3028	variedad	10938
3029	sed	10934
3030	rincón	10925
3031	editor	10919
3032	nazi	10912
3033	alzar	10907
3034	electricidad	10906
3035	republicano	10906
3036	aplauso	10881
3037	distraer	10877
3038	delincuente	10869
3039	negativa	10868
3040	oxígeno	10862
3041	atentado	10860
3042	planeado	10854
3043	pausa	10837
3044	recepción	10835
3045	ma	10832
3046	mago	10832
3047	cabaña	10817
3048	fama	10809
3049	confuso	10807
3050	visual	10806
3051	mear	10802
3052	respiración	10800
3053	fatal	10796
3054	revés	10793
3055	grita	10789
3056	colaborar	10788
3057	sirviente	10783
3058	felicitar	10782
3059	agenda	10771
3060	cardíaco	10771
3061	lealtad	10769
3062	reducción	10767
3063	escape	10764
3064	gráfico	10764
3065	caos	10752
3066	acero	10733
3067	apresurar	10729
3068	cooperación	10716
3069	gene	10701
3070	adonde	10693
3071	bañar	10684
3072	guau	10674
3073	publicación	10670
3074	desaparición	10665
3075	presidencial	10663
3076	establecimiento	10648
3077	anónimo	10646
3078	defensor	10633
3079	oud	10632
3080	indígena	10630
3081	satisfacer	10630
3082	civilización	10615
3083	relato	10614
3084	factura	10612
3085	lanzamiento	10612
3086	apartado	10607
3087	ingrediente	10603
3088	condenar	10591
3089	conservador	10588
3090	macho	10579
3091	palomo	10572
3092	creador	10567
3093	invisible	10552
3094	advertencia	10549
3095	confusión	10546
3096	defecto	10540
3097	sudar	10517
3098	sexto	10516
3099	suspender	10514
3100	delantero	10501
3101	bancario	10500
3102	influir	10500
3103	copiar	10490
3104	aplastar	10489
3105	manejo	10489
3106	sanitario	10489
3107	tecnológico	10483
3108	infinito	10476
3109	académico	10472
3110	decreto	10455
3111	piedad	10443
3112	abuso	10441
3113	formal	10440
3114	hambriento	10439
3115	madrugada	10439
3116	colombiano	10430
3117	afrontar	10411
3118	escritura	10409
3119	gafas	10399
3120	promedio	10397
3121	ópera	10388
3122	rango	10386
3123	apuñalar	10385
3124	selva	10382
3125	reflejo	10371
3126	ruina	10366
3127	continente	10364
3128	maduro	10350
3129	traición	10344
3130	composición	10331
3131	embajada	10327
3132	transformación	10314
3133	escudo	10309
3134	padecer	10304
3135	retiro	10304
3136	reporte	10302
3137	aguja	10291
3138	distribuir	10286
3139	ejemplar	10284
3140	disfraz	10281
3141	muelle	10269
3142	creencia	10243
3143	sinceramente	10233
3144	rasgo	10231
3145	sordo	10230
3146	vidrio	10230
3147	honestamente	10226
3148	constar	10222
3149	renta	10215
3150	tristeza	10208
3151	húmedo	10206
3152	obstáculo	10204
3153	quinto	10199
3154	sándwich	10198
3155	auxilio	10189
3156	simpático	10189
3157	franco	10181
3158	egoísta	10174
3159	hamburguesa	10168
3160	patada	10167
3161	tímido	10163
3162	béisbol	10161
3163	retraso	10161
3164	privilegio	10160
3165	presidir	10157
3166	vaquero	10142
3167	espectacular	10141
3168	turista	10141
3169	conveniente	10139
3170	globo	10137
3171	sometido	10137
3172	gusano	10136
3173	cirujano	10133
3174	posteriormente	10128
3175	embarazo	10125
3176	existente	10125
3177	protocolo	10124
3178	ángulo	10117
3179	protestar	10115
3180	cocinero	10114
3181	caridad	10113
3182	maíz	10112
3183	tela	10109
3184	toalla	10108
3185	promoción	10104
3186	ahorro	10085
3187	retrasar	10084
3188	ansioso	10078
3189	coro	10066
3190	esquema	10064
3191	alfombra	10057
3192	horror	10056
3193	dañar	10054
3194	tabaco	10045
3195	corregir	10044
3196	flotar	10039
3197	lógico	10036
3198	exagerar	10034
3199	gimnasio	10024
3200	ó	10022
3201	orquesta	10021
3202	ensalada	10019
3203	sello	10016
3204	concebir	10012
3205	jugada	10011
3206	redondo	10011
3207	curva	10007
3208	desplazar	10004
3209	tiburón	10003
3210	remoto	9999
3211	tierno	9996
3212	adios	9992
3213	municipio	9988
3214	tarta	9988
3215	ordenado	9983
3216	pesca	9983
3217	expectativa	9978
3218	inspirar	9972
3219	niñero	9966
3220	rutina	9966
3221	tatuaje	9957
3222	orilla	9956
3223	fraude	9933
3224	rollo	9925
3225	comunicado	9901
3226	prevenir	9900
3227	indicado	9898
3228	supremo	9896
3229	mantenimiento	9881
3230	comedia	9879
3231	navegar	9867
3232	soplar	9863
3233	evaluar	9859
3234	secuencia	9851
3235	claridad	9848
3236	realización	9847
3237	huésped	9841
3238	leal	9841
3239	mudo	9826
3240	refuerzo	9825
3241	revisión	9821
3242	cebolla	9820
3243	tolerar	9818
3244	hervir	9815
3245	editorial	9813
3246	circo	9787
3247	extensión	9784
3248	asesor	9773
3249	re	9766
3250	chileno	9760
3251	avergonzado	9755
3252	agresivo	9753
3253	cortina	9743
3254	designar	9743
3255	colgado	9738
3256	creativo	9738
3257	varón	9737
3258	gozar	9734
3259	cumbre	9730
3260	litro	9729
3261	pirata	9726
3262	residente	9719
3263	sesenta	9708
3264	tortura	9699
3265	plataforma	9697
3266	frenar	9690
3267	estrés	9683
3268	ritual	9682
3269	corbata	9681
3270	reportero	9679
3271	reflexión	9676
3272	insecto	9673
3273	eficaz	9666
3274	injusto	9665
3275	explorar	9662
3276	mosca	9660
3277	cuñado	9651
3278	pasaje	9651
3279	récord	9645
3280	severo	9639
3281	desperdiciar	9637
3282	viajero	9633
3283	aprobación	9628
3284	satisfacción	9628
3285	delegado	9626
3286	grueso	9625
3287	suceso	9625
3288	oculto	9618
3289	esencia	9611
3290	figurar	9610
3291	pobreza	9608
3292	aspirar	9606
3293	comunitario	9604
3294	muebles	9604
3295	estatua	9600
3296	desviar	9597
3297	parto	9593
3298	vegetal	9593
3299	pato	9578
3300	variar	9577
3301	centímetro	9573
3302	garaje	9571
3303	ceniza	9549
3304	barrera	9543
3305	coraje	9543
3306	heredero	9537
3307	diseñado	9536
3308	autorización	9532
3309	cualidad	9530
3310	financiar	9528
3311	cima	9516
3312	agotado	9502
3313	oriental	9501
3314	proteína	9501
3315	mantequilla	9500
3316	constantemente	9491
3317	vago	9491
3318	escupir	9489
3319	coste	9483
3320	agudo	9482
3321	detención	9482
3322	castellano	9479
3323	precisar	9470
3324	suministro	9467
3325	cojón	9465
3326	angustia	9457
3327	intensidad	9452
3328	localidad	9440
3329	acento	9437
3330	enloquecer	9421
3331	otoño	9415
3332	fotógrafo	9413
3333	vecindario	9413
3334	penetrar	9412
3335	agresión	9411
3336	entusiasmo	9406
3337	estricto	9405
3338	doméstico	9398
3339	renuncia	9393
3340	necesariamente	9377
3341	sida	9373
3342	hada	9363
3343	callejón	9361
3344	mero	9344
3345	operativo	9339
3346	mito	9337
3347	comedor	9335
3348	misil	9335
3349	teórico	9335
3350	reproducir	9332
3351	psiquiatra	9326
3352	importe	9323
3353	envuelto	9322
3354	integración	9319
3355	equipaje	9317
3356	excesivo	9315
3357	manual	9315
3358	trastorno	9311
3359	inesperado	9305
3360	jaula	9302
3361	encuesta	9289
3362	fascinante	9288
3363	adicto	9280
3364	creciente	9277
3365	galaxia	9269
3366	diamantes	9254
3367	etcétera	9253
3368	misa	9249
3369	pagaré	9247
3370	azar	9239
3371	emborrachar	9235
3372	lazo	9228
3373	ubicación	9227
3374	forzado	9217
3375	cuadra	9214
3376	hígado	9212
3377	pandilla	9208
3378	limón	9205
3379	culto	9202
3380	acoger	9196
3381	arquitecto	9192
3382	variable	9190
3383	trágico	9181
3384	marinero	9179
3385	engaño	9177
3386	interferir	9172
3387	miseria	9172
3388	automático	9168
3389	convenio	9166
3390	rechazo	9163
3391	radiación	9160
3392	ubicar	9153
3393	prender	9151
3394	contemporáneo	9146
3395	autorizado	9142
3396	acariciar	9140
3397	cajón	9136
3398	matemáticas	9134
3399	turismo	9126
3400	porquería	9125
3401	modificación	9120
3402	renovar	9113
3403	ensayar	9110
3404	bendición	9106
3405	depositar	9103
3406	chofer	9100
3407	espiar	9092
3408	deslizar	9088
3409	castigado	9080
3410	pañuelo	9078
3411	divorciar	9075
3412	administrar	9068
3413	difundir	9068
3414	inevitable	9062
3415	manta	9061
3416	quinta	9050
3417	guardián	9037
3418	fortaleza	9034
3419	reservar	9033
3420	cabra	9032
3421	coartada	9029
3422	facilidad	9028
3423	multa	9023
3424	balón	9015
3425	filme	9015
3426	inmunidad	9015
3427	particularmente	9014
3428	elaborar	8994
3429	impresionado	8992
3430	donar	8973
3431	apagado	8971
3432	mercancía	8962
3433	protector	8932
3434	emisión	8931
3435	chaval	8930
3436	cuero	8923
3437	ponerle	8901
3438	cráneo	8900
3439	cálido	8900
3440	desatar	8897
3441	votación	8894
3442	aproximar	8891
3443	congelado	8879
3444	musulmán	8879
3445	juvenil	8878
3446	concejal	8875
3447	rural	8863
3448	proporción	8862
3449	ambiental	8856
3450	cabina	8851
3451	caramelo	8851
3452	maya	8849
3453	orientar	8839
3454	grosero	8833
3455	gilipollas	8831
3456	silencioso	8817
3457	activar	8814
3458	síndrome	8814
3459	puño	8811
3460	romance	8808
3461	desafiar	8805
3462	sereno	8800
3463	envolver	8799
3464	asomar	8798
3465	cocaína	8798
3466	legítimo	8796
3467	estancia	8794
3468	formular	8791
3469	miar	8788
3470	saludable	8787
3471	oveja	8783
3472	cómplice	8782
3473	tranquilo	8769
3474	marino	8768
3475	hechizo	8764
3476	choque	8760
3477	heredar	8759
3478	envío	8756
3479	subrayar	8750
3480	sindical	8749
3481	terrorismo	8738
3482	herencia	8735
3483	lana	8734
3484	mojado	8731
3485	iluminar	8730
3486	proveer	8730
3487	parcial	8728
3488	vano	8728
3489	falda	8724
3490	transferencia	8721
3491	africano	8717
3492	casino	8711
3493	crudo	8709
3494	destacado	8703
3495	adicional	8702
3496	bienestar	8701
3497	novato	8698
3498	secar	8697
3499	pa	8693
3500	diseñar	8687
3501	agricultura	8686
3502	araña	8685
3503	supervivencia	8684
3504	alcohólico	8680
3505	trono	8679
3506	originar	8675
3507	instancia	8670
3508	eje	8656
3509	enano	8651
3510	raya	8640
3511	desorden	8638
3512	clavar	8636
3513	enfermar	8633
3514	mérito	8633
3515	tumor	8628
3516	consumidor	8627
3517	elefante	8620
3518	cruce	8618
3519	decepcionar	8616
3520	encabezar	8613
3521	decepcionado	8612
3522	humilde	8611
3523	excluir	8610
3524	corporación	8606
3525	estadística	8606
3526	orientación	8604
3527	certificado	8599
3528	amoroso	8595
3529	lámpara	8595
3530	productivo	8594
3531	hoyo	8586
3532	bicho	8585
3533	cueva	8578
3534	extremadamente	8569
3535	destrozado	8568
3536	denominado	8565
3537	cosecha	8564
3538	absorber	8562
3539	congelar	8560
3540	educado	8557
3541	autonomía	8535
3542	fiar	8529
3543	cicatriz	8508
3544	rabia	8504
3545	francamente	8503
3546	fianza	8500
3547	ética	8498
3548	corporal	8492
3549	polo	8491
3550	primitivo	8491
3551	micrófono	8490
3552	descargar	8485
3553	menú	8482
3554	casero	8478
3555	enfriar	8466
3556	definido	8465
3557	cardenal	8458
3558	bono	8454
3559	reventar	8447
3560	maquillaje	8437
3561	ruptura	8435
3562	solidaridad	8422
3563	combinar	8421
3564	desmayar	8417
3565	horizonte	8400
3566	idéntico	8396
3567	emprender	8394
3568	testamento	8388
3569	fastidiar	8386
3570	complacer	8384
3571	barón	8378
3572	cruzado	8378
3573	elaborado	8375
3574	gabinete	8374
3575	marqués	8374
3576	utilización	8369
3577	ascenso	8354
3578	decisivo	8353
3579	informativo	8347
3580	homenaje	8345
3581	alivio	8339
3582	especializado	8338
3583	presunto	8332
3584	cavar	8313
3585	duelo	8313
3586	bendito	8312
3587	perfume	8310
3588	hermanito	8306
3589	enhorabuena	8304
3590	paralelo	8292
3591	afecto	8289
3592	certeza	8289
3593	fallecer	8286
3594	desafortunadamente	8284
3595	autopista	8283
3596	comparación	8282
3597	reverendo	8282
3598	ansiedad	8281
3599	entretener	8280
3600	exigencia	8279
3601	testificar	8275
3602	ambición	8272
3603	pudrir	8271
3604	cotidiano	8269
3605	asaltar	8267
3606	desfile	8260
3607	fragmento	8257
3608	inscribir	8254
3609	volante	8251
3610	eco	8250
3611	desconocer	8248
3612	fibra	8248
3613	hondo	8246
3614	guerrero	8242
3615	estacionamiento	8241
3616	pila	8239
3617	hipótesis	8232
3618	convención	8230
3619	exitoso	8228
3620	vínculo	8227
3621	maniobra	8220
3622	denominar	8212
3623	despegar	8211
3624	empacar	8209
3625	ubicado	8208
3626	almirante	8205
3627	optar	8201
3628	gubernamental	8188
3629	elaboración	8181
3630	tranquilidad	8181
3631	procedente	8179
3632	atento	8176
3633	ultimar	8173
3634	submarino	8172
3635	cuidadoso	8169
3636	infeliz	8169
3637	cooperar	8164
3638	servidor	8163
3639	intercambiar	8159
3640	sabiduría	8145
3641	transcurrir	8145
3642	sábana	8144
3643	vitamina	8144
3644	brasileño	8137
3645	alimentación	8136
3646	historial	8136
3647	enfrentamiento	8135
3648	fusión	8135
3649	tesis	8135
3650	previamente	8130
3651	tapar	8130
3652	ficción	8127
3653	imitar	8126
3654	irlandés	8125
3655	despejar	8124
3656	tapa	8124
3657	enfoque	8123
3658	agitar	8122
3659	comerciante	8117
3660	cuota	8115
3661	partícula	8115
3662	duración	8107
3663	rendimiento	8107
3664	mascota	8104
3665	redacción	8104
3666	tenis	8093
3667	clasificación	8087
3668	triunfar	8082
3669	extraterrestre	8077
3670	tenso	8076
3671	reconstruir	8073
3672	seducir	8070
3673	tomado	8057
3674	técnicamente	8055
3675	desaparecido	8054
3676	excepcional	8053
3677	delegación	8052
3678	espantoso	8051
3679	sugerencia	8050
3680	zombi	8050
3681	homosexual	8044
3682	estimular	8041
3683	liderar	8041
3684	invasión	8040
3685	conspiración	8039
3686	resumen	8038
3687	hembra	8034
3688	ajuste	8027
3689	caray	8027
3690	fanático	8025
3691	insinuar	8025
3692	charlar	8024
3693	transición	8024
3694	celebrado	8022
3695	empresarial	8018
3696	barro	8017
3697	abusar	8007
3698	terrestre	8003
3699	celos	7991
3700	aferrar	7987
3701	percepción	7986
3702	comprensión	7985
3703	totalidad	7984
3704	interrogatorio	7982
3705	modesto	7979
3706	flecha	7978
3707	aprobado	7977
3708	separación	7968
3709	dependencia	7966
3710	sensibilidad	7966
3711	etiqueta	7964
3712	bruto	7953
3713	píldora	7949
3714	verso	7944
3715	exhibir	7942
3716	freno	7939
3717	atropellar	7936
3718	demorar	7936
3719	turco	7932
3720	agachar	7922
3721	alteración	7921
3722	salchicha	7921
3723	vapor	7917
3724	retirada	7913
3725	estimado	7910
3726	exportación	7906
3727	flujo	7901
3728	seda	7890
3729	seguidor	7889
3730	normar	7886
3731	lavado	7857
3732	pálido	7847
3733	tronco	7845
3734	consuelo	7843
3735	lápiz	7843
3736	tropezar	7843
3737	derramar	7836
3738	favorable	7834
3739	cafetería	7827
3740	manifiesto	7826
3741	mineral	7826
3742	descenso	7815
3743	prever	7813
3744	olímpico	7803
3745	delatar	7798
3746	almohada	7797
3747	traficante	7797
3748	paralizar	7791
3749	estrenar	7789
3750	visible	7779
3751	operador	7772
3752	autorizar	7771
3753	chao	7766
3754	circulación	7752
3755	veterano	7752
3756	cohete	7751
3757	deseado	7751
3758	álbum	7749
3759	recomendación	7747
3760	guay	7743
3761	caracterizar	7737
3762	especialidad	7734
3763	patrimonio	7733
3764	espléndido	7730
3765	portero	7728
3766	agrícola	7727
3767	afirmación	7717
3768	turístico	7714
3769	harina	7711
3770	rellenar	7707
3771	efectivamente	7704
3772	nacionalista	7701
3773	boom	7699
3774	talla	7698
3775	cobertura	7696
3776	discreto	7696
3777	psíquico	7696
3778	retrasado	7696
3779	carbón	7692
3780	aprendizaje	7690
3781	retirado	7688
3782	timbre	7683
3783	desprender	7682
3784	porno	7682
3785	beca	7677
3786	mejilla	7671
3787	crónica	7664
3788	coca	7662
3789	justamente	7662
3790	vientre	7662
3791	ocupación	7659
3792	precisión	7659
3793	participante	7657
3794	arquitectura	7656
3795	competición	7654
3796	calendario	7641
3797	afeitar	7638
3798	cigarro	7638
3799	trauma	7635
3800	brigada	7634
3801	algun	7622
3802	concesión	7619
3803	honrado	7615
3804	documental	7610
3805	fiscalía	7610
3806	lesbiano	7603
3807	rehabilitación	7595
3808	vena	7594
3809	abeja	7590
3810	conquista	7587
3811	marica	7582
3812	astuto	7579
3813	tornar	7579
3814	ajo	7578
3815	proyección	7575
3816	cuerno	7571
3817	evidentemente	7570
3818	caramba	7567
3819	gatito	7561
3820	asignar	7560
3821	orinar	7557
3822	riñón	7557
3823	graduar	7555
3824	aplaudir	7551
3825	dictadura	7548
3826	marihuana	7548
3827	freír	7546
3828	habitar	7546
3829	niebla	7543
3830	soporte	7540
3831	detestar	7539
3832	masaje	7539
3833	vaciar	7535
3834	implicado	7532
3835	nombrado	7530
3836	inaugurar	7525
3837	geografía	7522
3838	anular	7521
3839	correctamente	7514
3840	mensajero	7514
3841	madrileño	7513
3842	tiroteo	7509
3843	estirar	7508
3844	deprimido	7502
3845	compasión	7499
3846	boy	7497
3847	autopsia	7496
3848	estabilidad	7493
3849	liar	7491
3850	ordinario	7488
3851	evolucionar	7486
3852	desempeñar	7480
3853	comprador	7477
3854	bigote	7475
3855	respectivo	7474
3856	munición	7472
3857	explotación	7453
3858	táctica	7453
3859	reglamento	7449
3860	bahía	7448
3861	observador	7448
3862	domicilio	7442
3863	ficha	7441
3864	séptimo	7438
3865	deducir	7436
3866	leve	7435
3867	estatuto	7428
3868	mafia	7417
3869	proclamar	7417
3870	procesar	7415
3871	perrito	7414
3872	licor	7412
3873	válido	7410
3874	proseguir	7405
3875	obsesionado	7400
3876	oportuno	7397
3877	exclusivamente	7396
3878	latinoamericano	7396
3879	venezolano	7396
3880	atracción	7392
3881	ideológico	7391
3882	precaución	7389
3883	energético	7388
3884	seriamente	7385
3885	eternidad	7377
3886	montado	7375
3887	orar	7373
3888	alterado	7365
3889	colar	7363
3890	tortuga	7354
3891	portal	7353
3892	mediado	7352
3893	afortunadamente	7343
3894	aliviar	7336
3895	déficit	7335
3896	am	7329
3897	alienígena	7328
3898	tarifa	7323
3899	antigüedad	7318
3900	objeción	7317
3901	furgoneta	7312
3902	magistrado	7311
3903	realista	7309
3904	padrino	7308
3905	terminal	7307
3906	condicional	7305
3907	legislativo	7302
3908	agotar	7299
3909	partidario	7297
3910	cubo	7294
3911	perjudicar	7294
3912	secretaría	7294
3913	goma	7292
3914	tirador	7290
3915	pervertido	7289
3916	inconveniente	7287
3917	refugiado	7280
3918	monetario	7272
3919	dañado	7263
3920	matrícula	7260
3921	enlace	7256
3922	suspendido	7252
3923	expansión	7248
3924	águila	7244
3925	ingenuo	7243
3926	vagabundo	7240
3927	vulnerable	7232
3928	cadera	7231
3929	brillo	7226
3930	utilidad	7226
3931	acostado	7225
3932	reforzar	7225
3933	banca	7221
3934	complicar	7216
3935	costilla	7211
3936	inusual	7207
3937	eficacia	7202
3938	postal	7200
3939	manga	7198
3940	remitir	7197
3941	interponer	7195
3942	quema	7192
3943	supuestamente	7192
3944	israelí	7191
3945	nido	7190
3946	susto	7190
3947	ídolo	7190
3948	provincial	7186
3949	rol	7186
3950	luchador	7182
3951	rancho	7178
3952	infectado	7172
3953	cultivar	7164
3954	suicida	7161
3955	fundador	7157
3956	lateral	7154
3957	bloqueo	7153
3958	variación	7153
3959	audición	7152
3960	recta	7152
3961	fundamentalmente	7149
3962	órbita	7147
3963	programación	7146
3964	setenta	7144
3965	escuadrón	7131
3966	amenazado	7124
3967	increíblemente	7124
3968	abundante	7114
3969	inspección	7111
3970	prometido	7106
3971	multiplicar	7102
3972	minero	7100
3973	sentimental	7072
3974	marrón	7070
3975	resumir	7070
3976	bobo	7067
3977	precedente	7066
3978	bondad	7058
3979	psicología	7057
3980	trayectoria	7052
3981	adelantado	7049
3982	encubierto	7048
3983	arriesgado	7047
3984	esfera	7046
3985	cómico	7044
3986	fallecido	7042
3987	relevante	7037
3988	estrellar	7036
3989	inyección	7036
3990	demócrata	7035
3991	inspiración	7018
3992	verdura	7018
3993	barril	7013
3994	reflexionar	7013
3995	animado	7011
3996	ida	7008
3997	apetito	7004
3998	administrador	6994
3999	residir	6994
4000	millonario	6993
4001	ladrillo	6992
4002	peruano	6990
4003	mutuo	6987
4004	cometa	6985
4005	ochenta	6983
4006	entrenado	6982
4007	amargo	6981
4008	balcón	6981
4009	estelar	6976
4010	remover	6973
4011	graduación	6968
4012	matemático	6967
4013	práctico	6962
4014	compartido	6961
4015	persecución	6961
4016	disputar	6952
4017	corrección	6950
4018	alojar	6945
4019	juramento	6944
4020	buque	6943
4021	tobillo	6940
4022	admirador	6938
4023	cachorro	6934
4024	ballena	6933
4025	respaldar	6930
4026	receptor	6926
4027	estímulo	6920
4028	comparado	6918
4029	polémica	6917
4030	cucharada	6915
4031	requisito	6911
4032	sirena	6909
4033	imprimir	6905
4034	institucional	6903
4035	suprema	6902
4036	restante	6900
4037	igualdad	6892
4038	estratégico	6891
4039	geográfico	6890
4040	motel	6890
4041	respaldo	6888
4042	gramo	6884
4043	apretado	6874
4044	huérfano	6871
4045	predecir	6871
4046	ataúd	6869
4047	ferrocarril	6863
4048	atascado	6860
4049	hemorragia	6859
4050	introducción	6858
4051	metálico	6858
4052	convicción	6855
4053	tránsito	6851
4054	mariposa	6844
4055	nudo	6843
4056	clavo	6839
4057	incendiar	6837
4058	billón	6836
4059	siesta	6835
4060	sanguíneo	6834
4061	burro	6832
4062	reparto	6831
4063	infraestructura	6829
4064	obsesión	6826
4065	holandés	6824
4066	mandato	6822
4067	mojar	6821
4068	limitación	6820
4069	aplicado	6819
4070	documentación	6817
4071	atleta	6815
4072	captura	6813
4073	fluir	6811
4074	asentar	6806
4075	alguacil	6803
4076	repasar	6803
4077	prestigio	6800
4078	estrangular	6794
4079	desplegar	6792
4080	montaje	6792
4081	frágil	6791
4082	subterráneo	6791
4083	perla	6789
4084	balance	6788
4085	emisora	6787
4086	descuidar	6783
4087	rana	6781
4088	difunto	6775
4089	brutal	6774
4090	mochila	6773
4091	tentación	6771
4092	aterrorizar	6760
4093	sobrio	6759
4094	criado	6754
4095	ligeramente	6754
4096	polla	6753
4097	green	6750
4098	apuro	6747
4099	considerable	6746
4100	chance	6741
4101	suegro	6739
4102	aborto	6735
4103	matón	6730
4104	nativo	6726
4105	perfección	6726
4106	seleccionar	6726
4107	compositor	6722
4108	equivalente	6722
4109	capullo	6719
4110	bodega	6718
4111	colaborador	6718
4112	susurrar	6716
4113	ejercitar	6712
4114	yanqui	6710
4115	diferenciar	6709
4116	blando	6706
4117	consolidar	6706
4118	triple	6706
4119	pescador	6701
4120	coalición	6697
4121	anfitrión	6687
4122	algodón	6684
4123	devorar	6683
4124	cumplimiento	6675
4125	house	6674
4126	maricón	6673
4127	nuez	6670
4128	terremoto	6669
4129	dinámica	6659
4130	insulto	6653
4131	suspensión	6652
4132	acosar	6651
4133	antena	6649
4134	panorama	6648
4135	fortalecer	6647
4136	concentrado	6642
4137	gitano	6639
4138	acomodar	6637
4139	quebrar	6634
4140	variado	6634
4141	residuo	6629
4142	mona	6627
4143	borracha	6626
4144	derrumbar	6626
4145	calcetín	6622
4146	farmacia	6622
4147	arrodillar	6620
4148	asilo	6616
4149	mansión	6614
4150	inocencia	6609
4151	chimenea	6607
4152	polaco	6606
4153	furia	6604
4154	ingeniería	6603
4155	orina	6597
4156	iris	6585
4157	cancha	6579
4158	inyectar	6579
4159	intimidad	6578
4160	presumir	6578
4161	finanza	6577
4162	tercio	6577
4163	clan	6568
4164	bus	6567
4165	shock	6560
4166	portada	6557
4167	inflación	6552
4168	vestuario	6550
4169	estándar	6540
4170	seguimiento	6538
4171	sudor	6537
4172	complicación	6532
4173	escultura	6527
4174	repugnante	6527
4175	we	6521
4176	legislación	6520
4177	trofeo	6516
4178	sillón	6512
4179	torpe	6512
4180	psicópata	6511
4181	determinación	6508
4182	granjero	6508
4183	brindis	6503
4184	ebrio	6499
4185	estreno	6498
4186	fractura	6497
4187	go	6493
4188	hongo	6493
4189	maletín	6491
4190	integrante	6490
4191	tambor	6489
4192	publicitario	6486
4193	trece	6478
4194	subasta	6469
4195	traslado	6466
4196	vergonzoso	6465
4197	indicio	6462
4198	latir	6460
4199	bandido	6455
4200	noción	6455
4201	expedición	6454
4202	planteamiento	6454
4203	racional	6453
4204	tóxico	6451
4205	excitar	6447
4206	gratuito	6445
4207	coco	6443
4208	envidia	6442
4209	aterrador	6433
4210	poético	6433
4211	humedad	6432
4212	vodka	6432
4213	coser	6431
4214	expandir	6431
4215	abandono	6429
4216	hall	6428
4217	editar	6426
4218	telegrama	6424
4219	vagina	6424
4220	centenar	6421
4221	retorno	6421
4222	delgado	6418
4223	demostración	6417
4224	asiático	6416
4225	baby	6409
4226	dominicano	6407
4227	sanción	6402
4228	catedral	6397
4229	monumento	6391
4230	regir	6389
4231	niñito	6379
4232	ausente	6376
4233	presentimiento	6371
4234	drogado	6369
4235	inmigrante	6368
4236	difusión	6367
4237	honrar	6352
4238	imprescindible	6352
4239	contraer	6350
4240	picar	6348
4241	radar	6342
4242	intacto	6339
4243	gala	6336
4244	bandeja	6334
4245	superficial	6328
4246	cóctel	6327
4247	convencional	6326
4248	rudo	6326
4249	podrido	6321
4250	despreciar	6317
4251	amistoso	6316
4252	venda	6316
4253	vulgar	6312
4254	finca	6311
4255	respectivamente	6311
4256	enfermería	6309
4257	baloncesto	6303
4258	ideología	6303
4259	cortesía	6297
4260	prolongar	6297
4261	alabar	6296
4262	descifrar	6285
4263	cerradura	6275
4264	conmover	6274
4265	foro	6272
4266	candidatura	6271
4267	domingo	6269
4268	puñado	6267
4269	ahorcar	6255
4270	amiguito	6249
4271	contradicción	6245
4272	crucero	6245
4273	fugitivo	6242
4274	martillo	6240
4275	ajedrez	6237
4276	contribución	6235
4277	asado	6234
4278	ofensiva	6232
4279	portugués	6228
4280	pino	6227
4281	relativamente	6223
4282	dominante	6214
4283	altamente	6212
4284	gatillo	6205
4285	decena	6204
4286	suspirar	6202
4287	altar	6201
4288	salvación	6201
4289	catorce	6200
4290	arrebatar	6197
4291	ardiente	6192
4292	terraza	6191
4293	televisor	6190
4294	maldecir	6187
4295	repentino	6182
4296	acordado	6177
4297	corrupto	6177
4298	liquidar	6177
4299	tejado	6175
4300	bando	6174
4301	jinete	6172
4302	vacuna	6169
4303	mozo	6160
4304	docente	6155
4305	normalidad	6147
4306	lance	6144
4307	sofisticado	6143
4308	subida	6142
4309	burbuja	6136
4310	seleccionado	6130
4311	convento	6128
4312	moderado	6124
4313	artefacto	6123
4314	lastimado	6121
4315	doscientos	6118
4316	lotería	6118
4317	imaginario	6117
4318	financiación	6114
4319	cuaderno	6112
4320	localizado	6112
4321	numerar	6109
4322	rencor	6103
4323	estacionar	6102
4324	exilio	6101
4325	fundamento	6100
4326	apoderar	6099
4327	cojo	6099
4328	jabón	6099
4329	sutil	6099
4330	capilla	6093
4331	verter	6091
4332	ambicioso	6090
4333	mención	6089
4334	cintura	6088
4335	ampliación	6083
4336	imperial	6083
4337	autonómico	6080
4338	espectro	6078
4339	optimista	6077
4340	almacenar	6073
4341	psicólogo	6071
4342	debilitar	6070
4343	pendejo	6069
4344	abarcar	6066
4345	asignado	6065
4346	extenso	6064
4347	aparcar	6062
4348	cretino	6062
4349	generalizar	6060
4350	malentendido	6059
4351	incorrecto	6056
4352	presenciar	6050
4353	calibrar	6042
4354	melodía	6042
4355	contaminación	6038
4356	burla	6036
4357	voltear	6035
4358	estética	6034
4359	cría	6031
4360	asociar	6026
4361	desesperación	6026
4362	enfocar	6025
4363	cereal	6024
4364	lunar	6024
4365	confidencial	6023
4366	generador	6018
4367	pillo	6018
4368	codo	6012
4369	sueco	6009
4370	desvanecer	5998
4371	jamón	5996
4372	león	5991
4373	singular	5991
4374	defensivo	5990
4375	guerrillero	5984
4376	intérprete	5983
4377	respiro	5983
4378	descarga	5981
4379	modales	5978
4380	torta	5977
4381	restricción	5971
4382	ocasionar	5966
4383	porción	5963
4384	marea	5962
4385	disputa	5959
4386	convocatoria	5958
4387	envenenar	5958
4388	propina	5957
4389	sobrepasar	5947
4390	irrumpir	5945
4391	taco	5937
4392	panel	5936
4393	trama	5934
4394	teatral	5931
4395	uva	5925
4396	filósofo	5924
4397	resaltar	5921
4398	glorioso	5920
4399	valle	5920
4400	específicamente	5918
4401	guerrilla	5918
4402	planificación	5912
4403	chiflado	5910
4404	muñeco	5907
4405	aislamiento	5903
4406	lamentable	5900
4407	egipcio	5894
4408	ejecutado	5889
4409	coordinación	5887
4410	descuento	5883
4411	sangriento	5879
4412	sembrar	5877
4413	humillar	5875
4414	vocación	5873
4415	acertar	5872
4416	césped	5868
4417	siniestro	5866
4418	evacuar	5865
4419	yacer	5860
4420	indispensable	5858
4421	linterna	5854
4422	distracción	5853
4423	carbono	5848
4424	adopción	5845
4425	muslo	5844
4426	adaptación	5842
4427	rapidez	5842
4428	inquietud	5841
4429	reparación	5841
4430	marcador	5837
4431	vigilante	5836
4432	pimienta	5835
4433	alza	5833
4434	arroyo	5833
4435	afueras	5832
4436	encarcelar	5829
4437	envejecer	5827
4438	inducir	5826
4439	magnético	5820
4440	vigente	5813
4441	oral	5811
4442	proposición	5811
4443	escalar	5810
4444	canalla	5808
4445	dentista	5804
4446	donación	5802
4447	obligatorio	5801
4448	atrevido	5799
4449	psiquiátrico	5797
4450	atormentar	5796
4451	corresponsal	5795
4452	distante	5795
4453	tinta	5794
4454	sumamente	5787
4455	coordenada	5786
4456	occidente	5785
4457	lentes	5784
4458	sobreviviente	5784
4459	foco	5781
4460	longitud	5781
4461	párrafo	5780
4462	fluido	5779
4463	golfo	5779
4464	importación	5779
4465	crío	5768
4466	pantano	5768
4467	conservación	5764
4468	territorial	5757
4469	cinematográfico	5754
4470	terriblemente	5752
4471	clasificado	5751
4472	exagerado	5751
4473	rigor	5749
4474	gallego	5747
4475	armonía	5746
4476	revivir	5745
4477	flaco	5744
4478	gigantesco	5741
4479	eficiente	5736
4480	apasionado	5734
4481	cuidadosamente	5734
4482	plaga	5733
4483	supermercado	5733
4484	inspirado	5732
4485	naval	5731
4486	intermedio	5730
4487	concordar	5729
4488	potente	5729
4489	neumático	5724
4490	alegar	5721
4491	zorro	5721
4492	fabricante	5720
4493	consolar	5719
4494	localización	5718
4495	florecer	5716
4496	aroma	5715
4497	hostil	5713
4498	acta	5712
4499	picado	5711
4500	canciller	5710
4501	laguna	5710
4502	resucitar	5709
4503	mezclado	5706
4504	disfrute	5705
4505	pobrecito	5705
4506	bañera	5703
4507	reportaje	5703
4508	caña	5700
4509	extendido	5699
4510	banquero	5695
4511	bata	5691
4512	alba	5689
4513	restar	5688
4514	propaganda	5685
4515	recto	5681
4516	pésimo	5670
4517	protagonizar	5666
4518	disminución	5662
4519	redactar	5659
4520	cuna	5658
4521	físicamente	5657
4522	posar	5656
4523	explorador	5652
4524	simpatía	5650
4525	recorte	5647
4526	propiciar	5643
4527	desnudar	5639
4528	honorable	5639
4529	callejero	5636
4530	maldad	5635
4531	contenedor	5634
4532	coordinador	5627
4533	experimental	5624
4534	petrolero	5623
4535	peculiar	5622
4536	acompañante	5621
4537	embarcar	5616
4538	ensuciar	5615
4539	velada	5615
4540	secuestrador	5614
4541	arrogante	5613
4542	portátil	5613
4543	halar	5605
4544	élite	5604
4545	estrictamente	5602
4546	liderazgo	5602
4547	sensor	5602
4548	tentar	5601
4549	medicación	5596
4550	sustituto	5595
4551	hallazgo	5590
4552	continuidad	5588
4553	gobernante	5588
4554	resbalar	5584
4555	creado	5583
4556	diamante	5583
4557	dotado	5583
4558	sendero	5575
4559	consiguiente	5574
4560	terapeuta	5571
4561	repetido	5563
4562	insoportable	5556
4563	patente	5551
4564	condón	5549
4565	andaluz	5545
4566	sanidad	5544
4567	veredicto	5542
4568	argumentar	5541
4569	doctrina	5537
4570	relleno	5536
4571	militante	5534
4572	gorra	5532
4573	eliminación	5531
4574	hacha	5526
4575	suite	5525
4576	bo	5521
4577	campus	5521
4578	entierro	5520
4579	consentir	5519
4580	integridad	5518
4581	invento	5517
4582	arar	5512
4583	cobre	5512
4584	tramo	5509
4585	aparente	5505
4586	referente	5504
4587	aterrizaje	5502
4588	inmortal	5501
4589	consenso	5500
4590	injusticia	5500
4591	magnitud	5498
4592	educar	5497
4593	recinto	5496
4594	zanahoria	5496
4595	integral	5494
4596	legalmente	5494
4597	hostia	5493
4598	exhibición	5492
4599	agradecimiento	5490
4600	garra	5490
4601	caravana	5488
4602	lamentablemente	5483
4603	fugar	5481
4604	chaleco	5479
4605	topar	5478
4606	contraste	5476
4607	regulación	5475
4608	decepción	5471
4609	muscular	5471
4610	cabalgar	5469
4611	progresar	5468
4612	bacteria	5465
4613	preferencia	5465
4614	reclutar	5465
4615	llanto	5463
4616	luminoso	5463
4617	revelación	5462
4618	agrupar	5460
4619	atómico	5454
4620	clasificar	5451
4621	encontrado	5450
4622	calificado	5447
4623	farmacéutico	5447
4624	canario	5443
4625	legado	5443
4626	simular	5442
4627	estructural	5439
4628	infarto	5437
4629	tara	5437
4630	CD	5434
4631	ecológico	5434
4632	escocés	5433
4633	excitante	5432
4634	pañal	5430
4635	clínico	5429
4636	agrario	5427
4637	adquisición	5426
4638	refresco	5416
4639	yerno	5415
4640	navaja	5413
4641	jodidamente	5411
4642	renovación	5408
4643	reproducción	5406
4644	dinosaurio	5405
4645	racista	5405
4646	top	5404
4647	inquietar	5403
4648	trigo	5398
4649	hispano	5397
4650	caldo	5395
4651	vanguardia	5390
4652	aportación	5389
4653	excursión	5389
4654	síntesis	5387
4655	privacidad	5383
4656	trámite	5377
4657	flojo	5368
4658	estafa	5367
4659	perseguido	5367
4660	notificar	5361
4661	divorciado	5360
4662	hormiga	5358
4663	frasco	5356
4664	comisionado	5355
4665	metáfora	5352
4666	antepasado	5349
4667	quirófano	5347
4668	suministrar	5347
4669	tumbar	5344
4670	modalidad	5338
4671	concernir	5336
4672	desprecio	5334
4673	funcional	5331
4674	incidencia	5331
4675	calificación	5330
4676	chispa	5328
4677	vertical	5328
4678	pm	5326
4679	frotar	5324
4680	terapéutico	5324
4681	ironía	5319
4682	proveedor	5319
4683	prudente	5319
4684	prevención	5316
4685	datar	5313
4686	perpetuo	5311
4687	aceptación	5309
4688	diseñador	5306
4689	contraseña	5305
4690	sucesivo	5305
4691	titulado	5304
4692	árbitro	5302
4693	prenda	5301
4694	olla	5300
4695	feroz	5295
4696	inauguración	5295
4697	infiltrar	5293
4698	arrasar	5292
4699	accionista	5288
4700	espontáneo	5288
4701	innecesario	5288
4702	supervisor	5288
4703	formulario	5286
4704	preservar	5286
4705	víspera	5285
4706	analista	5281
4707	trasplante	5280
4708	adjunto	5279
4709	bebe	5273
4710	canadiense	5273
4711	transparente	5272
4712	filete	5271
4713	semestre	5269
4714	concretar	5268
4715	palestino	5267
4716	aporte	5266
4717	subestimar	5260
4718	ignorante	5257
4719	rebelión	5255
4720	remontar	5249
4721	inversor	5248
4722	congresista	5247
4723	aceptable	5244
4724	envenenado	5244
4725	espina	5244
4726	may.	5244
4727	intimidar	5241
4728	DANA	5239
4729	actualizar	5239
4730	ajar	5239
4731	abandonado	5236
4732	filtrar	5236
4733	previsión	5236
4734	vigor	5236
4735	suavemente	5235
4736	trapo	5235
4737	revolver	5232
4738	reja	5229
4739	simbólico	5228
4740	provisión	5227
4741	ingenioso	5225
4742	bautizar	5220
4743	emocionar	5219
4744	lecho	5216
4745	plomo	5215
4746	convincente	5214
4747	profeta	5214
4748	maligno	5211
4749	yate	5211
4750	astronauta	5210
4751	cruzada	5209
4752	insignificante	5208
4753	historiador	5205
4754	retomar	5203
4755	bastón	5199
4756	gripe	5197
4757	violín	5196
4758	pijama	5194
4759	atrasado	5193
4760	disfrazado	5191
4761	carné	5189
4762	tijera	5188
4763	motivación	5186
4764	inscripción	5185
4765	empeño	5183
4766	plenamente	5178
4767	valla	5172
4768	pulgar	5171
4769	dependiente	5169
4770	drogadicto	5169
4771	invitado	5169
4772	poblado	5163
4773	correspondencia	5161
4774	procesado	5160
4775	desgraciadamente	5159
4776	enmienda	5156
4777	santuario	5153
4778	impreso	5151
4779	sostén	5151
4780	villano	5151
4781	auxiliar	5143
4782	fotografiar	5143
4783	inmobiliario	5141
4784	intruso	5141
4785	irónico	5141
4786	respectar	5141
4787	revólver	5141
4788	viviente	5141
4789	cocido	5135
4790	volcar	5130
4791	acoso	5125
4792	zapatilla	5122
4793	indicación	5121
4794	mulo	5121
4795	místico	5120
4796	derretir	5119
4797	torero	5119
4798	constructor	5118
4799	oscurecer	5118
4800	discípulo	5116
4801	monitor	5116
4802	interminable	5115
4803	cordón	5114
4804	pinchar	5114
4805	aspiración	5113
4806	lira	5113
4807	quemadura	5111
4808	empate	5110
4809	paranoico	5108
4810	reiterar	5106
4811	supervisar	5102
4812	diagnosticar	5101
4813	molécula	5100
4814	curado	5099
4815	fascinar	5098
4816	post	5097
4817	escondite	5094
4818	ajustado	5093
4819	dulzura	5090
4820	huracán	5081
4821	batido	5079
4822	paja	5075
4823	bombardear	5073
4824	vicio	5073
4825	rozar	5072
4826	frustrado	5067
4827	picante	5067
4828	narrador	5063
4829	drogar	5062
4830	vagón	5060
4831	fachada	5054
4832	heleno	5050
4833	suprimir	5050
4834	debatir	5043
4835	plana	5042
4836	respetable	5041
4837	enriquecer	5040
4838	licenciado	5040
4839	escopeta	5039
4840	minoría	5039
4841	apelar	5037
4842	hormona	5036
4843	erótico	5033
4844	disolver	5031
4845	contrabando	5030
4846	iluminado	5025
4847	cuervo	5021
4848	mensual	5020
4849	entretenimiento	5015
4850	competitivo	5014
4851	capitalista	5013
4852	tibio	5010
4853	consentimiento	5001
4854	zumo	5001
4855	padrastro	4998
4856	progresivo	4998
4857	trazar	4996
4858	jurisdicción	4992
4859	arteria	4989
4860	finalidad	4988
4861	recipiente	4987
4862	vestíbulo	4985
4863	crucial	4983
4864	socialismo	4980
4865	emerger	4977
4866	fomentar	4976
4867	periodismo	4975
4868	respiratorio	4969
4869	despido	4960
4870	valoración	4952
4871	arbusto	4951
4872	Halloween	4949
4873	donante	4948
4874	mixto	4947
4875	invertido	4945
4876	inestable	4944
4877	rosado	4943
4878	pirámide	4941
4879	contador	4939
4880	relatar	4939
4881	agallas	4935
4882	privilegiado	4933
4883	gentil	4932
4884	públicamente	4932
4885	diversidad	4931
4886	barrer	4930
4887	cepillo	4923
4888	afición	4922
4889	catástrofe	4920
4890	elemental	4918
4891	mocoso	4916
4892	distinción	4915
4893	átomo	4913
4894	fotográfico	4911
4895	bingo	4909
4896	mutuamente	4909
4897	volador	4904
4898	acera	4903
4899	botín	4903
4900	sencillamente	4902
4901	pipa	4901
4902	doncella	4899
4903	continuamente	4897
4904	colonial	4893
4905	natal	4890
4906	rito	4886
4907	suscribir	4885
4908	diminuto	4884
4909	adversario	4880
4910	entusiasmado	4880
4911	armadura	4878
4912	configurar	4877
4913	inmigración	4875
4914	cangrejo	4874
4915	robado	4870
4916	aislar	4867
4917	escolta	4862
4918	pacífico	4861
4919	bombardeo	4859
4920	manada	4858
4921	difícilmente	4855
4922	célebre	4853
4923	sanar	4852
4924	indicador	4849
4925	perímetro	4846
4926	trimestre	4846
4927	prolongado	4841
4928	lote	4840
4929	ratificar	4840
4930	quiebra	4838
4931	desconectar	4837
4932	eventualmente	4837
4933	cariñoso	4833
4934	murmurar	4833
4935	velo	4833
4936	volcán	4833
4937	papeleo	4830
4938	mediana	4829
4939	recostar	4827
4940	sentenciar	4824
4941	interceptar	4823
4942	irregular	4822
4943	entendimiento	4819
4944	pedo	4819
4945	clandestino	4817
4946	distinguido	4812
4947	exquisito	4810
4948	sellar	4810
4949	libremente	4809
4950	aterrar	4804
4951	exploración	4799
4952	relajado	4797
4953	boxeo	4796
4954	grandeza	4796
4955	estatus	4790
4956	precipitar	4787
4957	aduana	4786
4958	motivar	4786
4959	desafortunado	4784
4960	tropical	4783
4961	especificar	4782
4962	manteca	4782
4963	rígido	4782
4964	defraudar	4781
4965	nombramiento	4781
4966	informática	4780
4967	UP	4778
4968	soberano	4778
4969	pelotón	4777
4970	contagiar	4776
4971	envidiar	4776
4972	pulsar	4776
4973	Vaticano	4775
4974	amarrar	4774
4975	indefenso	4768
4976	vómito	4765
4977	prejuicio	4763
4978	banesto	4762
4979	rector	4762
4980	pronóstico	4761
4981	censura	4756
4982	articular	4754
4983	península	4754
4984	verbal	4754
4985	meditar	4753
4986	enredar	4749
4987	granero	4746
4988	hectárea	4745
4989	monasterio	4743
4990	soborno	4743
4991	agricultor	4741
4992	clic	4741
4993	reponer	4741
4994	banquete	4740
4995	esqueleto	4740
4996	ingenio	4738
4997	atardecer	4734
4998	filosófico	4733
4999	póquer	4732
5000	ignorancia	4731
5001	alérgico	4729
5002	comodidad	4729
5003	preliminar	4729
5004	kit	4726
5005	culminar	4725
5006	pabellón	4724
5007	anochecer	4723
5008	aspirante	4723
5009	calmado	4723
5010	peste	4721
5011	lamer	4719
5012	leña	4719
5013	corrida	4717
5014	pulgada	4716
5015	usualmente	4714
5016	consecutivo	4713
5017	exótico	4712
5018	noventa	4710
5019	burgués	4709
5020	ceja	4706
5021	civilizado	4702
5022	puñetazo	4702
5023	decoración	4699
5024	pelar	4699
5025	láser	4697
5026	victimar	4696
5027	bronce	4694
5028	bárbaro	4691
5029	colchón	4690
5030	lema	4689
5031	desempleo	4687
5032	VIH	4684
5033	amparo	4683
5034	masacre	4680
5035	recobrar	4680
5036	organizador	4678
5037	chequear	4673
5038	sellado	4673
5039	vagar	4672
5040	tutor	4670
5041	madurar	4669
5042	pantalón	4668
5043	informante	4667
5044	cúpula	4657
5045	hermandad	4657
5046	iluminación	4656
5047	aula	4654
5048	billetera	4654
5049	admiración	4653
5050	atentar	4652
5051	ecuación	4649
5052	escalón	4648
5053	trepar	4647
5054	aparcamiento	4645
5055	nevera	4645
5056	impaciente	4644
5057	recogida	4644
5058	rodeo	4638
5059	nostalgia	4636
5060	centrado	4635
5061	acorde	4634
5062	fuertemente	4633
5063	azotar	4632
5064	laberinto	4631
5065	provisional	4629
5066	corteza	4628
5067	sostenido	4628
5068	umbral	4627
5069	pelirrojo	4626
5070	pajarito	4624
5071	teñir	4624
5072	sumergir	4621
5073	celeste	4620
5074	adornar	4618
5075	plantilla	4617
5076	masticar	4613
5077	costoso	4611
5078	empeñar	4608
5079	exceder	4608
5080	apodo	4607
5081	incorporación	4607
5082	prohibición	4607
5083	portador	4604
5084	anomalía	4603
5085	peluca	4602
5086	confirmación	4601
5087	demora	4599
5088	denso	4599
5089	perforar	4598
5090	cápsula	4597
5091	albergar	4596
5092	desplazamiento	4596
5093	rascar	4596
5094	tregua	4596
5095	baúl	4595
5096	cuchara	4595
5097	desperdicio	4595
5098	brisa	4593
5099	pascua	4592
5100	combinado	4589
5101	incertidumbre	4588
5102	votante	4588
5103	seña	4586
5104	fascista	4582
5105	anticipar	4581
5106	nacionalidad	4576
5107	trueno	4576
5108	superviviente	4574
5109	vasto	4571
5110	maltratar	4569
5111	tribal	4569
5112	troy	4567
5113	inminente	4566
5114	salado	4565
5115	alentar	4556
5116	regimiento	4555
5117	rehusar	4554
5118	tablero	4554
5119	detallado	4552
5120	capricho	4548
5121	sensato	4548
5122	represión	4547
5123	frecuentemente	4544
5124	posponer	4544
5125	lingüístico	4543
5126	pecador	4543
5127	consagrar	4540
5128	tramar	4539
5129	cemento	4538
5130	faro	4534
5131	intuición	4534
5132	hábil	4526
5133	guardaespaldas	4523
5134	honestidad	4522
5135	quirúrgico	4521
5136	plátano	4518
5137	repleto	4518
5138	agitado	4515
5139	interacción	4515
5140	agrupación	4513
5141	empuje	4513
5142	inofensivo	4512
5143	misericordia	4511
5144	producido	4510
5145	frustración	4507
5146	vocal	4506
5147	librería	4503
5148	diligencia	4501
5149	distraído	4501
5150	ciervo	4500
5151	tubería	4492
5152	conducto	4491
5153	sinvergüenza	4491
5154	taberna	4491
5155	ano	4490
5156	densidad	4490
5157	gancho	4490
5158	molar	4486
5159	retornar	4486
5160	fabricación	4483
5161	infiel	4483
5162	langosta	4483
5163	biología	4480
5164	molino	4478
5165	provecho	4478
5166	descendiente	4476
5167	competidor	4471
5168	sucesión	4471
5169	establo	4468
5170	travieso	4467
5171	out	4466
5172	afán	4465
5173	acentuar	4463
5174	cajero	4462
5175	pala	4461
5176	decano	4460
5177	familiarizar	4459
5178	camello	4458
5179	ofendido	4458
5180	decorado	4457
5181	deterioro	4456
5182	sermón	4455
5183	grieta	4448
5184	sip	4448
5185	valenciano	4448
5186	recaudar	4447
5187	disimular	4446
5188	preceder	4446
5189	acampar	4445
5190	carnicero	4441
5191	satisfactorio	4441
5192	habitualmente	4440
5193	pica	4438
5194	cansancio	4436
5195	transacción	4434
5196	letal	4433
5197	acogida	4432
5198	abecé	4430
5199	legendario	4430
5200	catálogo	4429
5201	latido	4428
5202	pasivo	4427
5203	recitar	4427
5204	coquetear	4426
5205	compensación	4424
5206	pretexto	4423
5207	repetición	4422
5208	chantaje	4420
5209	narrar	4419
5210	gimnasia	4418
5211	invocar	4418
5212	violeta	4418
5213	perverso	4415
5214	sonda	4415
5215	destinar	4414
5216	rodaje	4414
5217	tripa	4414
5218	duchar	4411
5219	legislador	4411
5220	movilizar	4409
5221	refrescar	4408
5222	taxista	4405
5223	extinguir	4404
5224	pretensión	4404
5225	suspiro	4402
5226	veinticinco	4398
5227	demente	4396
5228	fármaco	4396
5229	mayordomo	4396
5230	escáner	4395
5231	farsa	4394
5232	anécdota	4391
5233	gratitud	4389
5234	merced	4386
5235	alistar	4384
5236	parásito	4383
5237	sabroso	4376
5238	halcón	4375
5239	prestación	4375
5240	perteneciente	4374
5241	pito	4374
5242	reconstrucción	4374
5243	replicar	4372
5244	virtual	4370
5245	chiquillo	4368
5246	pasto	4366
5247	ladrar	4365
5248	poste	4365
5249	complejidad	4360
5250	dimitir	4360
5251	inicialmente	4360
5252	módulo	4359
5253	ruidoso	4358
5254	jungla	4356
5255	formato	4354
5256	restaurar	4354
5257	alboroto	4353
5258	medieval	4353
5259	monto	4353
5260	malinterpretar	4351
5261	coral	4349
5262	ternura	4347
5263	francotirador	4345
5264	camilla	4343
5265	engordar	4343
5266	acertado	4341
5267	apelación	4340
5268	equipar	4340
5269	mostrador	4340
5270	heroico	4339
5271	exclamar	4337
5272	jalar	4337
5273	pis	4337
5274	bóveda	4336
5275	peón	4333
5276	intestino	4332
5277	espantar	4330
5278	hockey	4328
5279	quienquiera	4328
5280	acondicionado	4324
5281	bocadillo	4322
5282	manipulación	4322
5283	convivencia	4320
5284	cerro	4319
5285	agredir	4317
5286	abismo	4316
5287	latín	4316
5288	soga	4316
5289	gama	4315
5290	talentoso	4313
5291	deportista	4311
5292	maquinaria	4311
5293	mendigo	4311
5294	capitalismo	4308
5295	narcotráfico	4308
5296	vencedor	4306
5297	clavado	4305
5298	mortalidad	4305
5299	abuelito	4304
5300	cosita	4303
5301	discreción	4301
5302	admirable	4300
5303	delta	4298
5304	consistente	4296
5305	puntual	4296
5306	buzón	4294
5307	himno	4290
5308	caca	4284
5309	moreno	4284
5310	cacería	4283
5311	alucinación	4279
5312	dimisión	4279
5313	abstracto	4278
5314	caballería	4276
5315	gorila	4275
5316	terminado	4274
5317	espuma	4270
5318	asimilar	4268
5319	pertenencia	4261
5320	diccionario	4259
5321	fresa	4259
5322	descuidado	4257
5323	insertar	4255
5324	brote	4254
5325	improvisar	4252
5326	parroquia	4250
5327	quinientos	4250
5328	telefonear	4250
5329	refrigerador	4249
5330	desencadenar	4247
5331	sucesor	4245
5332	aludir	4244
5333	desacuerdo	4240
5334	enfurecer	4239
5335	artillería	4238
5336	bici	4235
5337	carencia	4235
5338	moción	4235
5339	depresivo	4231
5340	tolerancia	4230
5341	humillación	4227
5342	equivaler	4224
5343	inmóvil	4224
5344	acechar	4222
5345	moro	4222
5346	mandíbula	4221
5347	folleto	4219
5348	corral	4215
5349	matanza	4215
5350	preventivo	4215
5351	brotar	4214
5352	tope	4214
5353	formidable	4213
5354	delirio	4210
5355	monseñor	4210
5356	rebajar	4207
5357	escoria	4206
5358	persuadir	4203
5359	apestoso	4198
5360	chicle	4197
5361	expulsión	4193
5362	peregrino	4190
5363	masturbar	4189
5364	requerido	4188
5365	alias	4186
5366	promotor	4185
5367	triángulo	4180
5368	telescopio	4179
5369	peinado	4178
5370	activado	4176
5371	fraternidad	4176
5372	tango	4176
5373	complementario	4175
5374	resistente	4174
5375	insuficiente	4171
5376	riguroso	4171
5377	corporativo	4167
5378	prosperar	4166
5379	dolar	4165
5380	reanudar	4164
5381	hipócrita	4163
5382	cera	4162
5383	especulación	4161
5384	regar	4161
5385	calabaza	4159
5386	espeso	4159
5387	recompensar	4158
5388	aflojar	4157
5389	fósil	4156
5390	fidelidad	4154
5391	extinción	4151
5392	contable	4150
5393	adelanto	4149
5394	restablecer	4149
5395	maletero	4147
5396	problemática	4147
5397	fusil	4145
5398	generosidad	4145
5399	lava	4145
5400	afilado	4144
5401	gángster	4143
5402	semanal	4143
5403	reposo	4142
5404	dental	4141
5405	carpeta	4140
5406	malgastar	4140
5407	ardilla	4139
5408	inquilino	4139
5409	batallón	4138
5410	reactor	4138
5411	coordinar	4136
5412	televisivo	4136
5413	indirecto	4135
5414	sensual	4134
5415	estabilizar	4133
5416	proveniente	4133
5417	epidemia	4131
5418	porta	4131
5419	nuca	4130
5420	brusco	4124
5421	reclamo	4124
5422	internado	4123
5423	remordimiento	4121
5424	navegación	4119
5425	eludir	4118
5426	recrear	4117
5427	repercusión	4116
5428	frijol	4115
5429	excitado	4114
5430	recado	4112
5431	adorno	4111
5432	alertar	4111
5433	profundizar	4110
5434	cocodrilo	4107
5435	homicida	4107
5436	apunte	4106
5437	presentir	4106
5438	competente	4105
5439	postular	4103
5440	murciélago	4099
5441	confiable	4097
5442	alojamiento	4096
5443	boletín	4096
5444	chiquito	4094
5445	sobornar	4094
5446	chantajear	4092
5447	flexible	4092
5448	perjuicio	4092
5449	won	4090
5450	dong	4089
5451	manuscrito	4089
5452	pág	4089
5453	dispersar	4088
5454	motocicleta	4088
5455	credibilidad	4086
5456	relieve	4086
5457	compatriota	4085
5458	suscitar	4084
5459	morgue	4083
5460	oponente	4082
5461	representativo	4078
5462	verga	4078
5463	incapacidad	4077
5464	lesionar	4077
5465	acercamiento	4075
5466	dictador	4075
5467	celebridad	4074
5468	soberanía	4074
5469	velar	4074
5470	simultáneamente	4072
5471	australiano	4071
5472	estrechar	4069
5473	dieciocho	4068
5474	inclusive	4068
5475	sombrío	4067
5476	conllevar	4066
5477	deficiencia	4066
5478	interrupción	4066
5479	col	4064
5480	interruptor	4064
5481	festejar	4062
5482	niñez	4062
5483	pólvora	4062
5484	abundancia	4058
5485	empatar	4057
5486	metido	4057
5487	buenísimo	4055
5488	cartón	4053
5489	persistir	4053
5490	implantar	4052
5491	alargar	4051
5492	convivir	4051
5493	aplastado	4050
5494	enganchar	4050
5495	exigente	4048
5496	histérico	4046
5497	Srta.	4045
5498	blusa	4044
5499	contratación	4044
5500	dieciséis	4044
5501	fusilar	4044
5502	periodístico	4044
5503	veloz	4041
5504	emboscada	4037
5505	suposición	4034
5506	inundación	4033
5507	oliva	4032
5508	irregularidad	4030
5509	contaminado	4029
5510	urna	4024
5511	cha	4023
5512	pionero	4023
5513	mango	4018
5514	abdominal	4016
5515	grey	4012
5516	todopoderoso	4011
5517	cocer	4009
5518	tejer	4008
5519	confiscar	4004
5520	pezón	4004
5521	proximidad	4004
5522	castaño	4003
5523	agravar	4002
5524	talón	4002
5525	suizo	3998
5526	normativa	3997
5527	inapropiado	3994
5528	venenoso	3994
5529	antorcha	3990
5530	innovación	3990
5531	compuesto	3988
5532	carnaval	3987
5533	aparentar	3986
5534	imitación	3985
5535	divisa	3983
5536	GPS	3982
5537	chisme	3982
5538	marítimo	3981
5539	cargamento	3979
5540	vibración	3978
5541	morar	3977
5542	creyente	3975
5543	conducción	3971
5544	materno	3971
5545	paraguas	3967
5546	sinceridad	3957
5547	inspeccionar	3955
5548	pauta	3954
5549	privar	3952
5550	DVD	3949
5551	octavo	3947
5552	futbolista	3946
5553	flora	3945
5554	inventario	3945
5555	peinar	3945
5556	diabetes	3944
5557	inseguro	3944
5558	estafar	3942
5559	amabilidad	3941
5560	braga	3938
5561	embarazoso	3938
5562	usual	3938
5563	biografía	3937
5564	extracción	3937
5565	mánager	3937
5566	tostado	3936
5567	apto	3933
5568	facial	3933
5569	dudoso	3932
5570	medicar	3931
5571	retorcido	3931
5572	desactivar	3929
5573	silbar	3928
5574	encubrir	3927
5575	esparcir	3927
5576	variante	3927
5577	tos	3926
5578	nomás	3925
5579	monarquía	3924
5580	adecuadamente	3923
5581	paradero	3922
5582	vegetariano	3918
5583	espeluznante	3917
5584	muralla	3917
5585	mareado	3915
5586	aproximación	3914
5587	coreano	3914
5588	parámetro	3913
5589	cooperativa	3910
5590	anormal	3908
5591	térmico	3908
5592	calzoncillo	3905
5593	navideño	3905
5594	carruaje	3902
5595	segmento	3902
5596	estrado	3901
5597	graduado	3900
5598	animador	3899
5599	delfín	3899
5600	violador	3899
5601	arca	3893
5602	igualar	3893
5603	chi	3892
5604	importado	3892
5605	creatividad	3891
5606	sustitución	3889
5607	traspasar	3888
5608	asombrar	3887
5609	garantizado	3886
5610	trascender	3886
5611	esencialmente	3885
5612	patología	3885
5613	crueldad	3884
5614	inundar	3884
5615	ventanilla	3883
5616	peludo	3882
5617	filtro	3881
5618	duplicar	3880
5619	milord	3880
5620	incomodar	3879
5621	jardinero	3877
5622	evocar	3876
5623	posada	3876
5624	nicaragüense	3875
5625	barriga	3873
5626	cómic	3872
5627	eficiencia	3872
5628	reconsiderar	3872
5629	bufete	3865
5630	resonancia	3863
5631	estudiantil	3861
5632	atraco	3859
5633	desangrar	3858
5634	distribuidor	3858
5635	madurez	3855
5636	palanca	3855
5637	antibiótico	3854
5638	valentía	3854
5639	armamento	3853
5640	desechar	3852
5641	alimentario	3851
5642	éxtasis	3850
5643	indiferente	3849
5644	zoológico	3847
5645	tocino	3844
5646	interferencia	3842
5647	rondar	3842
5648	trío	3842
5649	frontal	3841
5650	molde	3841
5651	arranque	3840
5652	motivado	3840
5653	dispar	3839
5654	adjudicar	3838
5655	funerario	3836
5656	cerámica	3835
5657	abiertamente	3834
5658	sumo	3832
5659	orgasmo	3826
5660	alcaldía	3824
5661	constatar	3824
5662	tranquilamente	3823
5663	mandatario	3822
5664	prescindir	3822
5665	hipoteca	3820
5666	gótico	3819
5667	independientemente	3819
5668	ración	3819
5669	autógrafo	3818
5670	cósmico	3818
5671	náusea	3816
5672	compatible	3814
5673	tacón	3813
5674	articulación	3810
5675	racha	3809
5676	rompecabezas	3809
5677	generalitat	3808
5678	pactar	3807
5679	CC	3804
5680	restauración	3804
5681	instructor	3800
5682	desmoronar	3799
5683	esperma	3799
5684	esclavitud	3798
5685	casual	3795
5686	caminata	3794
5687	implacable	3793
5688	desgarrar	3792
5689	privatización	3791
5690	impactar	3790
5691	seso	3789
5692	abortar	3788
5693	impartir	3788
5694	despreciable	3787
5695	inverso	3787
5696	atentamente	3786
5697	adicción	3785
5698	restringido	3785
5699	nobel	3784
5700	predicar	3784
5701	ente	3781
5702	intervalo	3781
5703	oscilar	3781
5704	mártir	3780
5705	devoción	3773
5706	procurador	3773
5707	puerto	3772
5708	basurero	3770
5709	despiadado	3770
5710	disfrazar	3770
5711	recaer	3768
5712	boliviano	3767
5713	ético	3767
5714	escoltar	3764
5715	malestar	3757
5716	plancha	3754
5717	repuesto	3753
5718	movilización	3750
5719	cool	3749
5720	esquivar	3749
5721	óptimo	3749
5722	ingerir	3746
5723	contradecir	3745
5724	pulsera	3744
5725	audaz	3743
5726	calabozo	3743
5727	serbio	3743
5728	alambre	3741
5729	sexualidad	3741
5730	canasta	3740
5731	lavandería	3738
5732	fósforo	3736
5733	válvula	3736
5734	propagar	3734
5735	resentimiento	3734
5736	dificultar	3732
5737	mosquito	3732
5738	recaudación	3732
5739	discriminación	3731
5740	horizontal	3729
5741	noroeste	3728
5742	encarar	3727
5743	boxeador	3726
5744	vacilar	3726
5745	rezo	3725
5746	sobredosis	3724
5747	parcialmente	3723
5748	insólito	3720
5749	secta	3716
5750	profecía	3715
5751	alimenticio	3714
5752	caracol	3714
5753	sancionar	3714
5754	perfeccionar	3712
5755	brecha	3711
5756	admisión	3709
5757	empapado	3709
5758	arzobispo	3708
5759	cobro	3708
5760	islámico	3707
5761	temblor	3707
5762	irritar	3706
5763	tal vez	3705
5764	temático	3705
5765	lujoso	3704
5766	cabreado	3703
5767	instantáneo	3702
5768	culpabilidad	3701
5769	compadre	3699
5770	sustentar	3699
5771	recortar	3696
5772	refugiar	3696
5773	médula	3695
5774	invención	3694
5775	indiferencia	3692
5776	manicomio	3692
5777	silvestre	3692
5778	contradictorio	3691
5779	mentalidad	3691
5780	ancestro	3690
5781	comprensivo	3689
5782	sonriente	3689
5783	acumulación	3686
5784	milenio	3686
5785	asombro	3685
5786	concretamente	3685
5787	entrometerse	3685
5788	prevalecer	3685
5789	aprendiz	3684
5790	disturbio	3684
5791	celestial	3682
5792	dinamita	3681
5793	fracción	3681
5794	cucaracha	3680
5795	subvención	3680
5796	mutante	3679
5797	hijito	3678
5798	voluntariamente	3678
5799	contabilidad	3677
5800	deteriorar	3677
5801	prostitución	3677
5802	cercanía	3676
5803	inquieto	3676
5804	jubilación	3676
5805	palomita	3675
5806	sistemático	3675
5807	colapso	3674
5808	sexualmente	3674
5809	digital	3671
5810	aperitivo	3670
5811	aliviado	3667
5812	banana	3667
5813	manchado	3665
5814	jerarquía	3664
5815	soda	3660
5816	supervisión	3659
5817	impecable	3658
5818	santidad	3658
5819	aspirina	3657
5820	diámetro	3655
5821	perturbar	3655
5822	suero	3655
5823	infectar	3653
5824	tributo	3653
5825	burguesía	3651
5826	escasez	3651
5827	vara	3651
5828	parir	3648
5829	automáticamente	3647
5830	contundente	3646
5831	riego	3646
5832	bulto	3644
5833	desmentir	3644
5834	llano	3644
5835	PC	3643
5836	genuino	3640
5837	confederación	3639
5838	elogio	3638
5839	implicación	3637
5840	conserje	3636
5841	dedicación	3636
5842	excavar	3636
5843	aniquilar	3635
5844	cólera	3634
5845	ría	3634
5846	legión	3633
5847	salpicar	3633
5848	ninja	3632
5849	disgustado	3631
5850	fosa	3630
5851	vigencia	3630
5852	conmovedor	3629
5853	configuración	3628
5854	entraña	3628
5855	eventual	3628
5856	ciudadanía	3627
5857	orfanato	3626
5858	irresponsable	3625
5859	lunático	3625
5860	torcer	3624
5861	matriz	3623
5862	tenedor	3622
5863	hoguera	3621
5864	continental	3620
5865	cívico	3620
5866	característico	3619
5867	decidido	3618
5868	ilustre	3616
5869	pai	3616
5870	tortilla	3615
5871	exhausto	3614
5872	intensivo	3614
5873	champagne	3613
5874	financiamiento	3609
5875	letrero	3609
5876	pronunciado	3608
5877	oyente	3607
5878	salmón	3607
5879	salarial	3606
5880	erróneo	3602
5881	hopar	3602
5882	parrilla	3600
5883	disgusto	3599
5884	humillado	3598
5885	relámpago	3598
5886	tequila	3598
5887	acontecer	3594
5888	optimismo	3594
5889	monarca	3592
5890	transcurso	3592
5891	ático	3592
5892	anticuado	3591
5893	danés	3591
5894	barca	3587
5895	cesta	3586
5896	terco	3585
5897	trescientos	3585
5898	anteojos	3584
5899	bay	3584
5900	mármol	3583
5901	colapsar	3581
5902	inseguridad	3581
5903	toser	3580
5904	esquí	3579
5905	reno	3577
5906	yen	3574
5907	pintada	3573
5908	preciado	3573
5909	menta	3571
5910	prometedor	3571
5911	discoteca	3570
5912	ganadero	3570
5913	matiz	3570
5914	fenomenal	3564
5915	ilustración	3564
5916	ramo	3564
5917	belga	3563
5918	jubilado	3562
5919	pinza	3562
5920	trayecto	3562
5921	auditorio	3561
5922	compás	3561
5923	accidentalmente	3559
5924	radicar	3559
5925	despegue	3558
5926	pureza	3558
5927	barroco	3557
5928	entusiasta	3554
5929	sensacional	3554
5930	evacuación	3553
5931	indemnización	3551
5932	estafador	3550
5933	inclinación	3550
5934	trance	3549
5935	estimación	3548
5936	políticamente	3547
5937	redactor	3547
5938	soya	3546
5939	óptica	3544
5940	penique	3543
5941	hartar	3542
5942	fideo	3540
5943	infante	3540
5944	resfriado	3539
5945	denominación	3538
5946	aro	3537
5947	inquietante	3537
5948	sobresalir	3535
5949	costero	3534
5950	esfumar	3534
5951	verdugo	3534
5952	patriota	3533
5953	agregado	3529
5954	torcido	3529
5955	senda	3527
5956	matrimonial	3524
5957	nulo	3524
5958	pícnic	3524
5959	escabullirse	3521
5960	eternamente	3521
5961	traficar	3521
5962	punk	3519
5963	reposar	3519
5964	informal	3516
5965	luto	3516
5966	acierto	3515
5967	evadir	3515
5968	súbito	3514
5969	taquilla	3514
5970	asignación	3512
5971	crack	3512
5972	rociar	3512
5973	entretenido	3511
5974	adolescencia	3510
5975	presentador	3510
5976	desenterrar	3509
5977	tacto	3508
5978	zapatero	3508
5979	confrontación	3507
5980	movido	3507
5981	resaca	3506
5982	blues	3504
5983	comarca	3503
5984	susceptible	3503
5985	veterinario	3503
5986	retórica	3500
5987	huy	3499
5988	abundar	3498
5989	contracción	3497
5990	forastero	3496
5991	yogur	3495
5992	comprensible	3494
5993	fijamente	3494
5994	requerimiento	3491
5995	desesperadamente	3490
5996	cante	3489
5997	rienda	3489
5998	forestal	3488
5999	cosquillas	3485
6000	prematuro	3484
6001	martini	3483
6002	concertar	3481
6003	sustancial	3481
6004	flamenco	3480
6005	milímetro	3480
6006	picada	3480
6007	prestigioso	3480
6008	off	3478
6009	plateado	3478
6010	inaceptable	3477
6011	negación	3476
6012	coherente	3474
6013	elegancia	3472
6014	caloría	3471
6015	adherir	3470
6016	mascar	3470
6017	mutación	3465
6018	fu	3462
6019	ferri	3461
6020	justificado	3461
6021	recluso	3460
6022	agonía	3459
6023	asfixiar	3458
6024	botar	3457
6025	agresor	3456
6026	coñac	3456
6027	gestionar	3456
6028	aviación	3455
6029	repentinamente	3455
6030	frecuentar	3454
6031	intermediario	3454
6032	vegetación	3453
6033	escalofrío	3452
6034	mayoritario	3451
6035	azotea	3450
6036	down	3450
6037	explícito	3450
6038	videojuego	3448
6039	balanza	3447
6040	lancha	3447
6041	saborear	3447
6042	cuan	3446
6043	trompeta	3444
6044	ametralladora	3443
6045	detector	3443
6046	permanentemente	3442
6047	saliva	3442
6048	arterial	3441
6049	implante	3441
6050	popularidad	3439
6051	tramposo	3438
6052	puramente	3436
6053	patinar	3432
6054	conmoción	3431
6055	pequeñito	3431
6056	casita	3429
6057	capacitar	3428
6058	RAM	3427
6059	billar	3426
6060	gremio	3426
6061	bofetada	3424
6062	enigma	3424
6063	alergia	3423
6064	ganso	3421
6065	Uds	3418
6066	ye	3417
6067	anticipado	3413
6068	abdomen	3410
6069	temperamento	3410
6070	atroz	3409
6071	decorar	3409
6072	vinagre	3409
6073	mini	3408
6074	perezoso	3408
6075	concurrir	3407
6076	revertir	3407
6077	jeep	3404
6078	corregido	3402
6079	derivado	3402
6080	maquinar	3402
6081	encoger	3401
6082	DJ	3400
6083	disgustar	3399
6084	hazaña	3399
6085	moribundo	3399
6086	uruguayo	3399
6087	cereza	3398
6088	absolver	3396
6089	váter	3396
6090	estanque	3395
6091	brazalete	3394
6092	equipamiento	3394
6093	subjetivo	3394
6094	cocción	3392
6095	expresivo	3392
6096	revuelta	3390
6097	comunismo	3389
6098	alucinar	3388
6099	nobleza	3385
6100	semen	3385
6101	plantación	3384
6102	jarra	3382
6103	lila	3382
6104	acantilado	3381
6105	significación	3381
6106	énfasis	3381
6107	maní	3380
6108	morfina	3380
6109	feto	3379
6110	lodo	3379
6111	violado	3379
6112	desembarcar	3377
6113	solemne	3377
6114	erección	3376
6115	razonamiento	3376
6116	adoptado	3375
6117	vibrar	3375
6118	desecho	3373
6119	co	3372
6120	tarado	3372
6121	cineasta	3371
6122	presupuestario	3370
6123	refinado	3370
6124	estimulante	3367
6125	ansia	3366
6126	chulo	3365
6127	pianista	3365
6128	retorcer	3365
6129	sintético	3365
6130	constancia	3362
6131	barbacoa	3361
6132	irrelevante	3361
6133	inodoro	3360
6134	carreta	3359
6135	abrumar	3358
6136	prototipo	3357
6137	razonar	3355
6138	estremecer	3354
6139	rotación	3352
6140	complementar	3351
6141	infantería	3351
6142	reivindicación	3351
6143	casamiento	3345
6144	contrastar	3340
6145	gasolinera	3340
6146	parcela	3340
6147	justificación	3338
6148	sobrenatural	3338
6149	acelerado	3337
6150	anhelar	3337
6151	reprochar	3337
6152	calcio	3335
6153	diarrea	3334
6154	bol	3333
6155	diecisiete	3333
6156	hindú	3333
6157	nómina	3333
6158	deprimente	3330
6159	borroso	3328
6160	pelado	3328
6161	expreso	3327
6162	morada	3327
6163	burdel	3326
6164	enorgullecer	3322
6165	reemplazo	3320
6166	conspirar	3319
6167	fray	3319
6168	conveniencia	3318
6169	nana	3317
6170	productividad	3317
6171	rebotar	3314
6172	alinear	3313
6173	escandaloso	3313
6174	infernal	3312
6175	calefacción	3310
6176	ce	3310
6177	camarón	3308
6178	testículo	3307
6179	fronterizo	3306
6180	sartén	3306
6181	hidrógeno	3301
6182	lavabo	3301
6183	mafioso	3300
6184	topo	3299
6185	gravemente	3297
6186	bolígrafo	3296
6187	censo	3296
6188	idear	3295
6189	m.	3295
6190	plegaria	3294
6191	carpa	3291
6192	desconfianza	3291
6193	fatiga	3291
6194	arsenal	3283
6195	espionaje	3283
6196	raptar	3283
6197	huida	3280
6198	rasgar	3279
6199	progresista	3278
6200	rebaño	3278
6201	épico	3276
6202	ilustrar	3275
6203	locutor	3275
6204	nacionalismo	3274
6205	cartero	3272
6206	destructor	3272
6207	llamativo	3272
6208	polar	3271
6209	atún	3270
6210	especular	3270
6211	neto	3265
6212	pesquero	3265
6213	piña	3265
6214	colesterol	3264
6215	adaptado	3263
6216	sabotear	3261
6217	mismísimo	3260
6218	suéter	3260
6219	puntuación	3257
6220	chatarra	3256
6221	falsificación	3255
6222	insignia	3255
6223	intriga	3255
6224	monopolio	3255
6225	canela	3254
6226	flauta	3252
6227	festivo	3251
6228	diariamente	3250
6229	press	3250
6230	duende	3247
6231	embarcación	3247
6232	preocupante	3245
6233	óseo	3245
6234	limusina	3244
6235	nalga	3243
6236	ofensa	3242
6237	rebelar	3242
6238	actualización	3240
6239	vacante	3239
6240	apurado	3238
6241	carcajada	3238
6242	filmación	3238
6243	remar	3238
6244	ostra	3236
6245	baba	3234
6246	gorro	3234
6247	soberbio	3233
6248	atracar	3231
6249	manchar	3231
6250	enrollar	3230
6251	irracional	3230
6252	intensificar	3228
6253	anti	3227
6254	neutral	3227
6255	ramera	3227
6256	repertorio	3227
6257	directorio	3226
6258	improbable	3226
6259	lienzo	3223
6260	milicia	3223
6261	narcótico	3223
6262	Führer	3219
6263	decretar	3218
6264	karma	3218
6265	ampliamente	3217
6266	desarmado	3217
6267	iraquí	3216
6268	neutralizar	3215
6269	opositor	3214
6270	filo	3213
6271	incidir	3212
6272	maternidad	3208
6273	servilleta	3208
6274	mermelada	3207
6275	descarado	3206
6276	divulgar	3206
6277	humillante	3206
6278	loro	3205
6279	transparencia	3204
6280	víbora	3203
6281	permanencia	3202
6282	estante	3201
6283	invasor	3201
6284	enmarcar	3200
6285	informático	3198
6286	mediocre	3198
6287	narración	3197
6288	cínico	3196
6289	degradar	3195
6290	depredador	3195
6291	despliegue	3195
6292	guardería	3195
6293	hechicero	3195
6294	cláusula	3193
6295	criollo	3193
6296	extremidad	3192
6297	maníaco	3192
6298	réplica	3192
6299	humanitario	3190
6300	remate	3190
6301	avatar	3189
6302	bocado	3189
6303	franja	3189
6304	útero	3189
6305	transmisor	3188
6306	buey	3186
6307	marketing	3186
6308	percatar	3186
6309	pegajoso	3185
6310	puré	3185
6311	contribuyente	3184
6312	disperso	3183
6313	preparativo	3183
6314	bolos	3179
6315	genital	3177
6316	renacer	3177
6317	detenido	3176
6318	economista	3176
6319	insensible	3176
6320	ansiar	3174
6321	blindado	3174
6322	redada	3174
6323	computador	3170
6324	emocionalmente	3170
6325	coleccionar	3169
6326	equilibrado	3169
6327	delicia	3168
6328	reliquia	3168
6329	respetuoso	3168
6330	dilema	3167
6331	guiado	3167
6332	transbordador	3166
6333	andino	3164
6334	escombro	3164
6335	pimiento	3164
6336	recuento	3164
6337	catedrático	3162
6338	pizca	3162
6339	encomendar	3161
6340	telón	3160
6341	desempeño	3159
6342	engendrar	3159
6343	entusiasmar	3158
6344	luca	3158
6345	radiografía	3158
6346	tardío	3158
6347	narrativa	3156
6348	radiante	3156
6349	cuarentena	3154
6350	yema	3154
6351	relevo	3152
6352	inmune	3151
6353	propiamente	3151
6354	conferir	3150
6355	saldo	3150
6356	ferrari	3149
6357	saquear	3149
6358	mediano	3145
6359	comparecer	3144
6360	estacionado	3144
6361	indagar	3144
6362	radiactivo	3143
6363	alusión	3141
6364	mentalmente	3141
6365	sapo	3141
6366	aburrimiento	3140
6367	molecular	3140
6368	altavoz	3139
6369	meditación	3139
6370	desvío	3136
6371	firmeza	3135
6372	micro	3134
6373	rebaja	3133
6374	preparatorio	3132
6375	amigable	3131
6376	sumir	3131
6377	anhelo	3130
6378	corroborar	3130
6379	incompleto	3130
6380	recital	3129
6381	ocular	3128
6382	enderezar	3127
6383	vil	3127
6384	estéril	3126
6385	intuir	3126
6386	desobedecer	3125
6387	erupción	3123
6388	soplón	3119
6389	tinto	3119
6390	lomo	3118
6391	adentrar	3117
6392	atajo	3116
6393	pertinente	3116
6394	multinacional	3114
6395	esplendor	3113
6396	aproximado	3110
6397	centroamericano	3109
6398	incriminar	3108
6399	temporalmente	3108
6400	benéfico	3107
6401	aluminio	3106
6402	caluroso	3106
6403	deprimir	3106
6404	serenidad	3106
6405	púrpura	3105
6406	seriedad	3105
6407	mítico	3104
6408	comicio	3103
6409	lámina	3101
6410	rajar	3101
6411	remo	3101
6412	daga	3098
6413	puertorriqueño	3098
6414	jefatura	3097
6415	zarpar	3097
6416	accesorio	3094
6417	décima	3093
6418	feminista	3091
6419	millar	3091
6420	agarre	3088
6421	gemir	3088
6422	grúa	3086
6423	alternativo	3083
6424	borda	3083
6425	desistir	3083
6426	diferir	3083
6427	manía	3083
6428	tiniebla	3083
6429	contratista	3082
6430	incierto	3082
6431	reinar	3082
6432	patrocinar	3081
6433	reivindicar	3081
6434	estresado	3079
6435	acuático	3077
6436	innumerable	3077
6437	aleluya	3076
6438	calzón	3074
6439	estatura	3073
6440	internar	3070
6441	remolque	3070
6442	tirano	3070
6443	encaje	3069
6444	insomnio	3068
6445	convicto	3067
6446	incitar	3067
6447	cotización	3066
6448	mercenario	3066
6449	altitud	3065
6450	hospitalario	3065
6451	evolutivo	3064
6452	retar	3064
6453	higiene	3062
6454	deliberadamente	3061
6455	vanidad	3061
6456	higiénico	3059
6457	racial	3059
6458	retrete	3059
6459	marxista	3058
6460	checo	3056
6461	austriaco	3055
6462	patrocinador	3053
6463	ventilación	3053
6464	milagroso	3052
6465	híbrido	3049
6466	suciedad	3048
6467	zar	3047
6468	desequilibrio	3046
6469	penoso	3045
6470	chorro	3044
6471	climático	3042
6472	complicidad	3042
6473	telecomunicación	3041
6474	tributario	3040
6475	búfalo	3039
6476	enzima	3039
6477	pistolero	3039
6478	estático	3038
6479	mudanza	3037
6480	desventaja	3035
6481	consigna	3034
6482	memorizar	3034
6483	sandinista	3034
6484	alucinante	3031
6485	empeñado	3031
6486	espiral	3031
6487	especia	3029
6488	represalia	3029
6489	contagioso	3028
6490	consultor	3027
6491	fugaz	3027
6492	hornear	3027
6493	marioneta	3027
6494	subsidio	3027
6495	desordenado	3026
6496	exactitud	3026
6497	honorario	3026
6498	mentor	3026
6499	coña	3025
6500	encarnar	3025
6501	levantado	3025
6502	amnistía	3024
6503	escaño	3024
6504	trinchera	3023
6505	cosmos	3022
6506	eminencia	3022
6507	cáscara	3021
6508	pisa	3020
6509	cartucho	3018
6510	comestible	3017
6511	cosechar	3017
6512	incumbencia	3017
6513	archivar	3015
6514	extradición	3014
6515	alga	3013
6516	felizmente	3011
6517	imprenta	3011
6518	excesivamente	3009
6519	reprimir	3009
6520	cepillar	3008
6521	conversión	3008
6522	determinante	3004
6523	sincronización	3004
6524	camarote	3002
6525	diabólico	3002
6526	mareo	3002
6527	escoba	3000
6528	curación	2998
6529	protestante	2998
6530	was	2997
6531	siervo	2996
6532	deambular	2995
6533	perejil	2995
6534	lácteo	2994
6535	deletrear	2993
6536	paradoja	2993
6537	ciclista	2991
6538	persistente	2991
6539	textura	2990
6540	lírico	2988
6541	obtención	2988
6542	tractor	2988
6543	musicar	2986
6544	recolectar	2986
6545	reconocido	2986
6546	desarmar	2985
6547	caracterizado	2983
6548	incrustar	2983
6549	panda	2983
6550	germen	2980
6551	rasguño	2980
6552	colmo	2979
6553	balancear	2978
6554	desalojar	2978
6555	desfilar	2978
6556	hippie	2978
6557	cabecera	2977
6558	itinerario	2976
6559	regañar	2976
6560	formalmente	2975
6561	ilícito	2973
6562	ofensivo	2970
6563	conquistador	2969
6564	fregar	2969
6565	joyería	2969
6566	combatiente	2968
6567	despachar	2968
6568	imán	2968
6569	inadecuado	2968
6570	dote	2967
6571	abatido	2966
6572	afiliado	2966
6573	arcilla	2966
6574	excusar	2966
6575	ibérico	2966
6576	misionero	2964
6577	antídoto	2963
6578	cacahuete	2962
6579	sastre	2961
6580	curiosamente	2959
6581	impotente	2958
6582	gobernación	2957
6583	realismo	2956
6584	viable	2956
6585	corro	2955
6586	fiable	2953
6587	hackear	2953
6588	seer	2952
6589	timón	2952
6590	tradicionalmente	2952
6591	manifestante	2950
6592	manto	2950
6593	exiliado	2949
6594	rematar	2949
6595	compadecer	2948
6596	étnico	2948
6597	secuestrado	2947
6598	TIC	2944
6599	resurrección	2943
6600	rentable	2940
6601	mezquino	2939
6602	notorio	2939
6603	sobresaliente	2939
6604	agotador	2938
6605	temeroso	2938
6606	inmueble	2937
6607	paramédico	2937
6608	allanamiento	2936
6609	tá	2936
6610	acorralar	2935
6611	casilla	2935
6612	hospedar	2935
6613	buitre	2934
6614	deportar	2934
6615	derrame	2934
6616	royal	2933
6617	promocionar	2931
6618	torpedo	2931
6619	considerablemente	2929
6620	solana	2928
6621	índole	2926
6622	recluta	2925
6623	vejez	2924
6624	inhalar	2921
6625	porvenir	2921
6626	codificar	2919
6627	bufanda	2916
6628	fiera	2914
6629	canalizar	2913
6630	microondas	2912
6631	asentamiento	2911
6632	jubilar	2911
6633	tumbado	2911
6634	p.	2909
6635	salvadoreño	2909
6636	incentivo	2908
6637	icono	2906
6638	ofrenda	2906
6639	mostaza	2905
6640	anotación	2901
6641	arqueológico	2901
6642	cocinado	2901
6643	cegar	2898
6644	carril	2897
6645	gaseoso	2896
6646	amuleto	2895
6647	conceptual	2895
6648	emotivo	2894
6649	descomponer	2893
6650	borrador	2892
6651	tornillo	2892
6652	faena	2891
6653	originalmente	2891
6654	suplemento	2891
6655	doctorado	2890
6656	pulmonar	2890
6657	buscador	2889
6658	inversionista	2889
6659	sediento	2889
6660	vinculación	2888
6661	zoo	2888
6662	monstruoso	2887
6663	trascendencia	2886
6664	conejito	2885
6665	veinticuatro	2883
6666	asombrado	2882
6667	scout	2882
6668	acogedor	2881
6669	charco	2881
6670	pellejo	2881
6671	arruga	2880
6672	enlazar	2880
6673	electrón	2879
6674	reaparecer	2879
6675	creíble	2878
6676	pornografía	2878
6677	soleado	2878
6678	tribuna	2878
6679	complemento	2877
6680	empujón	2877
6681	hostilidad	2877
6682	atener	2876
6683	regulador	2874
6684	cisne	2873
6685	rupia	2873
6686	primordial	2870
6687	dureza	2869
6688	invencible	2869
6689	planificar	2869
6690	honra	2868
6691	sucursal	2868
6692	afectivo	2867
6693	cese	2867
6694	hombrecito	2867
6695	seductor	2867
6696	atorar	2866
6697	céntimo	2866
6698	pingüino	2866
6699	superioridad	2866
6700	cross	2865
6701	cuántico	2865
6702	procesión	2865
6703	imprudente	2864
6704	confrontar	2863
6705	obsesivo	2863
6706	implantación	2862
6707	desmontar	2860
6708	escurrir	2860
6709	galán	2860
6710	trazado	2860
6711	asma	2859
6712	exterminar	2859
6713	libreta	2858
6714	llanura	2858
6715	parche	2858
6716	prioritario	2857
6717	prosperidad	2857
6718	electo	2856
6719	húngaro	2856
6720	modernidad	2856
6721	salvavidas	2856
6722	marginado	2854
6723	acabado	2852
6724	merodear	2851
6725	pagano	2851
6726	pasatiempo	2851
6727	contaminar	2850
6728	cimiento	2849
6729	dotar	2849
6730	adhesión	2848
6731	eliminatoria	2848
6732	hospitalidad	2848
6733	pupila	2847
6734	potenciar	2845
6735	inolvidable	2843
6736	interlocutor	2843
6737	lagarto	2843
6738	bollo	2842
6739	manguera	2839
6740	beneficiario	2838
6741	traductor	2838
6742	distanciar	2837
6743	samurái	2837
6744	consultorio	2836
6745	nevar	2836
6746	revuelto	2836
6747	cas	2835
6748	modernización	2835
6749	prudencia	2834
6750	agrado	2833
6751	alternar	2833
6752	cabrear	2833
6753	arrepentimiento	2832
6754	calentamiento	2832
6755	elector	2832
6756	line	2832
6757	mesero	2831
6758	parpadear	2831
6759	caricia	2830
6760	mamar	2830
6761	rabino	2829
6762	enojo	2828
6763	carrito	2827
6764	choza	2826
6765	semáforo	2826
6766	desconfiar	2824
6767	limonada	2824
6768	grato	2823
6769	sequía	2822
6770	natación	2821
6771	enfatizar	2819
6772	pizarra	2819
6773	aventurero	2818
6774	acortar	2817
6775	negociador	2817
6776	almacenamiento	2816
6777	traumático	2816
6778	devoto	2815
6779	rendido	2815
6780	alien	2814
6781	panza	2813
6782	enormemente	2812
6783	novelista	2811
6784	maratón	2810
6785	ancestral	2809
6786	cebo	2808
6787	amablemente	2807
6788	maquillar	2807
6789	tecla	2807
6790	pasarlo	2806
6791	descontento	2805
6792	exportar	2805
6793	activista	2804
6794	sumario	2804
6795	entrante	2801
6796	vero	2800
6797	vocero	2800
6798	urbanización	2799
6799	dron	2798
6800	abstener	2797
6801	ava	2797
6802	carpintero	2797
6803	facción	2797
6804	monumental	2794
6805	sepultar	2794
6806	predicador	2793
6807	reinado	2793
6808	tapado	2793
6809	tranvía	2793
6810	abofetear	2792
6811	pera	2792
6812	procesamiento	2791
6813	acelerador	2790
6814	legislatura	2790
6815	doblado	2789
6816	huerto	2789
6817	odioso	2788
6818	guarida	2787
6819	lógicamente	2787
6820	perturbado	2787
6821	vainilla	2787
6822	fumador	2786
6823	penumbra	2786
6824	barranco	2785
6825	autoestima	2784
6826	pradera	2784
6827	validez	2784
6828	tirón	2783
6829	aptitud	2782
6830	husmear	2782
6831	condicionar	2780
6832	diluir	2778
6833	filial	2778
6834	adrenalina	2777
6835	chillar	2777
6836	instar	2776
6837	décimo	2775
6838	influyente	2775
6839	improvisado	2773
6840	relevancia	2773
6841	centenario	2772
6842	guatemalteco	2770
6843	ortodoxo	2770
6844	firmemente	2768
6845	instrumental	2768
6846	meteorito	2768
6847	diputación	2767
6848	atacante	2765
6849	desembocar	2765
6850	insuficiencia	2765
6851	ladera	2765
6852	consciencia	2764
6853	ilimitado	2764
6854	TOC	2763
6855	alcantarilla	2763
6856	auge	2762
6857	infracción	2762
6858	excitación	2761
6859	capacitación	2759
6860	endurecer	2757
6861	masacrar	2755
6862	metodología	2755
6863	penetración	2755
6864	influenciar	2754
6865	tallo	2754
6866	arribar	2753
6867	tazón	2753
6868	sondeo	2752
6869	gordito	2749
6870	impotencia	2749
6871	simbolizar	2749
6872	amparar	2748
6873	caudillo	2748
6874	machacar	2748
6875	cónsul	2747
6876	levantamiento	2747
6877	dondequiera	2746
6878	reconciliar	2745
6879	ternera	2745
6880	disparate	2744
6881	mamífero	2744
6882	preferido	2743
6883	relevar	2742
6884	escéptico	2741
6885	predominar	2740
6886	virginidad	2739
6887	rima	2738
6888	asteroide	2736
6889	danzar	2736
6890	decadencia	2735
6891	ponche	2735
6892	predicción	2735
6893	barbilla	2734
6894	dea	2733
6895	flanco	2733
6896	guionista	2733
6897	hood	2733
6898	nominado	2733
6899	paracaídas	2732
6900	bravo	2731
6901	descontar	2728
6902	psicótico	2728
6903	esponja	2727
6904	elevación	2725
6905	grifo	2725
6906	farol	2724
6907	rocío	2724
6908	gringo	2723
6909	certamen	2722
6910	teclado	2722
6911	insulina	2721
6912	reverencia	2719
6913	formalidad	2717
6914	suplente	2717
6915	balazo	2716
6916	lechuga	2716
6917	perecer	2715
6918	antemano	2714
6919	disipar	2714
6920	emigrar	2714
6921	sinfonía	2714
6922	decapitar	2713
6923	evangelio	2713
6924	cadete	2711
6925	procedencia	2710
6926	solidario	2709
6927	mayormente	2708
6928	ocio	2707
6929	referéndum	2707
6930	lanzador	2705
6931	estrato	2704
6932	reafirmar	2704
6933	inexplicable	2703
6934	asentir	2702
6935	grandote	2702
6936	raja	2702
6937	recreo	2702
6938	heterosexual	2701
6939	dialogar	2700
6940	compacto	2698
6941	cristianismo	2698
6942	cualificado	2698
6943	elevador	2697
6944	aplazar	2696
6945	elogiar	2696
6946	jura	2696
6947	coleccionista	2695
6948	finalista	2693
6949	subordinado	2692
6950	aprieto	2690
6951	cucharadita	2690
6952	omitir	2690
6953	simulación	2690
6954	nasal	2689
6955	atacado	2688
6956	regularmente	2688
6957	diploma	2687
6958	hebreo	2687
6959	lineal	2687
6960	marginal	2687
6961	póliza	2687
6962	avalar	2686
6963	comunión	2686
6964	almendra	2685
6965	embrujado	2685
6966	anzuelo	2684
6967	cascada	2684
6968	falsificar	2684
6969	morado	2684
6970	destello	2683
6971	fraile	2681
6972	liviano	2680
6973	tenor	2680
6974	detonar	2679
6975	colocación	2678
6976	colocado	2677
6977	colono	2677
6978	pisotear	2677
6979	audio	2676
6980	arquitectónico	2674
6981	accidental	2673
6982	ingle	2672
6983	bellísimo	2671
6984	okey	2670
6985	roer	2670
6986	bombón	2668
6987	destreza	2668
6988	anotado	2667
6989	cono	2667
6990	patriótico	2667
6991	silueta	2667
6992	dinastía	2666
6993	saldar	2666
6994	nutriente	2665
6995	rentabilidad	2665
6996	melón	2664
6997	porche	2664
6998	imposibilidad	2663
6999	desplomar	2662
7000	audiovisual	2661
7001	iniciación	2660
7002	arquero	2659
7003	patán	2659
7004	aerolínea	2658
7005	ecuatoriano	2658
7006	fundir	2658
7007	gabar	2657
7008	precipitado	2656
7009	mitin	2655
7010	regazo	2655
7011	controlador	2654
7012	non	2654
7013	suburbio	2654
7014	impostor	2653
7015	costura	2652
7016	desempleado	2652
7017	homo	2652
7018	llanta	2652
7019	adoptivo	2648
7020	albergue	2648
7021	beta	2645
7022	jugoso	2645
7023	látigo	2645
7024	obsesionar	2645
7025	superhéroe	2644
7026	innovador	2643
7027	agarrado	2642
7028	ilegalmente	2640
7029	periférico	2638
7030	recetar	2638
7031	torrente	2638
7032	barbero	2637
7033	bacon	2636
7034	desesperar	2636
7035	iraní	2636
7036	arrogancia	2635
7037	asar	2635
7038	estético	2635
7039	intoxicación	2635
7040	resplandor	2633
7041	clausura	2632
7042	dichoso	2632
7043	veto	2632
7044	festejo	2630
7045	ventilador	2628
7046	yarda	2628
7047	glándula	2627
7048	platillo	2627
7049	anestesia	2625
7050	impregnar	2624
7051	extravagante	2623
7052	discrepancia	2622
7053	fauna	2622
7054	melancolía	2622
7055	cursi	2621
7056	dialéctico	2621
7057	bachillerato	2620
7058	casta	2620
7059	gelatina	2620
7060	devolución	2619
7061	reabrir	2619
7062	resonar	2619
7063	drástico	2618
7064	minar	2618
7065	transitorio	2618
7066	errar	2617
7067	condicionado	2616
7068	cumplido	2616
7069	congelador	2615
7070	provocación	2615
7071	chivo	2614
7072	debidamente	2614
7073	aleatorio	2613
7074	abrumador	2612
7075	faraón	2612
7076	majo	2612
7077	accesible	2611
7078	atuendo	2610
7079	bilateral	2609
7080	desapercibido	2608
7081	desigualdad	2608
7082	ordenanza	2607
7083	diferencial	2606
7084	hit	2606
7085	dolido	2605
7086	puerro	2605
7087	estudioso	2604
7088	membrana	2604
7089	reptil	2604
7090	policíaco	2603
7091	obsceno	2602
7092	escarabajo	2601
7093	tapadera	2601
7094	acosador	2600
7095	cerilla	2600
7096	placentero	2600
7097	semejanza	2600
7098	osito	2599
7099	dinámico	2598
7100	fundido	2598
7101	inédito	2598
7102	panqueque	2598
7103	controversia	2597
7104	sultán	2597
7105	convoy	2596
7106	reformar	2596
7107	PIB	2595
7108	interrogante	2595
7109	quebrado	2595
7110	artesano	2594
7111	bajito	2594
7112	recargar	2594
7113	áspero	2592
7114	abue	2591
7115	desvelar	2591
7116	zurdo	2591
7117	delincuencia	2589
7118	sedante	2589
7119	acarrear	2588
7120	jade	2588
7121	pos	2588
7122	desvestir	2587
7123	cautivo	2586
7124	sumergido	2586
7125	duradero	2585
7126	fisiológico	2584
7127	hemisferio	2584
7128	panameño	2584
7129	marroquí	2583
7130	siembra	2582
7131	semifinal	2581
7132	dactilar	2580
7133	implementar	2580
7134	enganchado	2579
7135	brevemente	2578
7136	conjetura	2578
7137	humildad	2578
7138	ovni	2578
7139	rampa	2577
7140	convulsión	2576
7141	enloquecido	2575
7142	balsa	2574
7143	comuna	2574
7144	cupón	2574
7145	infame	2574
7146	selectivo	2574
7147	incursión	2573
7148	precipitación	2573
7149	excavación	2572
7150	cauce	2571
7151	fi	2571
7152	párpado	2571
7153	muchachito	2570
7154	peluche	2570
7155	guarnición	2568
7156	murmullo	2568
7157	octava	2568
7158	consolidación	2567
7159	utopía	2567
7160	rotundo	2566
7161	efectividad	2565
7162	adema	2564
7163	defectuoso	2564
7164	abrochar	2563
7165	gemido	2563
7166	medición	2563
7167	melancólico	2562
7168	rabo	2561
7169	discapacitado	2559
7170	barbie	2558
7171	bíblico	2558
7172	redención	2558
7173	IVA	2557
7174	analítico	2557
7175	consorcio	2557
7176	dictamen	2557
7177	estela	2556
7178	corazonada	2555
7179	metrópoli	2555
7180	balde	2554
7181	imprevisto	2553
7182	turbio	2553
7183	codicia	2552
7184	lapso	2552
7185	pulga	2552
7186	sor	2552
7187	títere	2551
7188	paño	2550
7189	aposento	2549
7190	patrullar	2549
7191	obrar	2548
7192	oxidado	2548
7193	sintetizar	2548
7194	peli	2547
7195	sucumbir	2546
7196	contención	2544
7197	silenciar	2544
7198	madrina	2543
7199	bah	2541
7200	narcotraficante	2541
7201	prendido	2541
7202	cachondo	2540
7203	mara	2540
7204	adverso	2539
7205	consulado	2539
7206	atributo	2538
7207	chistoso	2538
7208	cilindro	2538
7209	cursar	2538
7210	estallido	2538
7211	inculpar	2538
7212	peluquería	2538
7213	susurro	2537
7214	toxina	2537
7215	demandante	2536
7216	pegamento	2536
7217	designación	2535
7218	ilustrado	2535
7219	motín	2535
7220	insistencia	2534
7221	irresistible	2534
7222	próspero	2534
7223	animación	2533
7224	antaño	2533
7225	desestimar	2533
7226	halagar	2533
7227	detonador	2532
7228	viral	2531
7229	beneficioso	2530
7230	hábitat	2530
7231	paterno	2530
7232	embrión	2529
7233	fallido	2528
7234	horroroso	2528
7235	estampa	2527
7236	encadenado	2525
7237	gestor	2525
7238	cochero	2524
7239	aceituna	2523
7240	bronca	2523
7241	movilidad	2523
7242	protagonismo	2523
7243	ecosistema	2522
7244	enérgico	2522
7245	seta	2521
7246	económicamente	2520
7247	retención	2520
7248	verbo	2520
7249	calzado	2519
7250	derrocar	2517
7251	ambulante	2516
7252	ferroviario	2516
7253	transitar	2515
7254	colorido	2513
7255	rastreador	2513
7256	subsecretario	2513
7257	preferible	2512
7258	suavizar	2512
7259	cobertizo	2511
7260	úlcera	2509
7261	amargura	2507
7262	apresar	2507
7263	dona	2507
7264	sorbo	2507
7265	legalidad	2504
7266	electromagnético	2503
7267	right	2503
7268	alardear	2502
7269	autoritario	2502
7270	complacido	2502
7271	proyectil	2502
7272	cargador	2501
7273	paternidad	2501
7274	momia	2500
7275	bélico	2499
7276	desconcertado	2499
7277	principiante	2498
7278	desahogar	2497
7279	indudablemente	2497
7280	rehacer	2497
7281	equivocación	2496
7282	posibilitar	2496
7283	ribera	2495
7284	perdurar	2493
7285	notario	2491
7286	acreedor	2490
7287	devastador	2489
7288	jun.	2489
7289	po	2489
7290	coronado	2487
7291	torear	2487
7292	problemático	2486
7293	secuela	2486
7294	deseable	2485
7295	digestivo	2485
7296	erradicar	2485
7297	pedacito	2485
7298	subtitulado	2485
7299	destructivo	2484
7300	irritante	2484
7301	condolencia	2483
7302	inhumano	2483
7303	tostada	2483
7304	catarata	2482
7305	astro	2481
7306	mail	2480
7307	simio	2480
7308	sodio	2480
7309	obstinado	2479
7310	islam	2477
7311	memorable	2477
7312	noquear	2477
7313	responsabilizar	2477
7314	casillero	2476
7315	erigir	2475
7316	noveno	2475
7317	alarmar	2474
7318	aventurar	2474
7319	bombilla	2474
7320	denegar	2474
7321	poción	2474
7322	debut	2473
7323	delicadeza	2473
7324	desmayado	2473
7325	negligencia	2472
7326	rastreo	2472
7327	inflar	2471
7328	litoral	2471
7329	iniciado	2470
7330	reconciliación	2470
7331	rectificar	2470
7332	previsible	2469
7333	sociología	2468
7334	yeso	2467
7335	contusión	2466
7336	escultor	2466
7337	geometría	2465
7338	testarudo	2465
7339	fundamentar	2464
7340	reclamación	2464
7341	mestizo	2463
7342	anarquista	2462
7343	bombardero	2462
7344	marcial	2462
7345	nutrición	2462
7346	psiquiatría	2462
7347	fusionar	2461
7348	sorprendentemente	2460
7349	arrepentido	2459
7350	grotesco	2458
7351	frustrante	2457
7352	mae	2457
7353	premisa	2457
7354	simultáneo	2456
7355	conque	2455
7356	puñalada	2455
7357	escalada	2454
7358	tac	2454
7359	vértigo	2454
7360	esquiar	2453
7361	sucesivamente	2453
7362	encierro	2452
7363	rutinario	2452
7364	lona	2451
7365	distintivo	2450
7366	revancha	2450
7367	psicosis	2449
7368	puerco	2449
7369	puntualizar	2449
7370	obediencia	2448
7371	parálisis	2444
7372	encaminar	2443
7373	clon	2442
7374	navío	2442
7375	renal	2442
7376	prestado	2441
7377	limosna	2439
7378	necio	2439
7379	indudable	2438
7380	patronal	2438
7381	reiniciar	2438
7382	fértil	2437
7383	potable	2437
7384	solito	2437
7385	inestabilidad	2436
7386	clivar	2434
7387	digerir	2434
7388	flexibilidad	2434
7389	serial	2434
7390	accionar	2433
7391	colisión	2433
7392	descuido	2433
7393	excéntrico	2433
7394	originario	2433
7395	retratar	2433
7396	sub	2433
7397	migración	2432
7398	porcelana	2432
7399	incurrir	2431
7400	constructivo	2430
7401	Disney	2429
7402	apóstol	2429
7403	entregado	2429
7404	pensador	2429
7405	stripper	2429
7406	bordado	2428
7407	molido	2428
7408	clausurar	2427
7409	paisano	2426
7410	esteroide	2425
7411	súbdito	2425
7412	desconectado	2424
7413	indignación	2424
7414	roble	2423
7415	precario	2422
7416	ráfaga	2422
7417	aguante	2421
7418	bizcocho	2421
7419	bronceado	2421
7420	prodigio	2420
7421	abono	2419
7422	anal	2419
7423	apéndice	2419
7424	ocasional	2419
7425	deslumbrar	2418
7426	escénico	2418
7427	demográfico	2417
7428	ficticio	2417
7429	burocracia	2416
7430	bancarrota	2415
7431	pinchazo	2415
7432	aria	2414
7433	eclesiástico	2414
7434	potencialmente	2414
7435	demencia	2413
7436	plenitud	2413
7437	celo	2411
7438	agresividad	2410
7439	comprobación	2410
7440	novedoso	2409
7441	ágil	2409
7442	descomposición	2408
7443	mamado	2408
7444	peluquero	2408
7445	marisco	2407
7446	noticiero	2407
7447	orgía	2406
7448	sureño	2406
7449	angustiado	2405
7450	cantina	2404
7451	impredecible	2404
7452	subdirector	2404
7453	querella	2403
7454	estaca	2402
7455	terciopelo	2402
7456	zumbido	2402
7457	proa	2401
7458	sangrado	2401
7459	vendar	2401
7460	yacimiento	2401
7461	absorción	2399
7462	center	2399
7463	inevitablemente	2399
7464	delirar	2398
7465	caverna	2397
7466	hurgar	2396
7467	perjudicial	2396
7468	reforzado	2396
7469	intestinal	2395
7470	travesía	2395
7471	resultante	2393
7472	disponibilidad	2392
7473	olfato	2392
7474	ambiguo	2390
7475	enfermizo	2390
7476	genérico	2390
7477	llorón	2390
7478	paradigma	2390
7479	hipotético	2388
7480	liberado	2386
7481	astrónomo	2385
7482	atmosférico	2385
7483	brújula	2384
7484	detallar	2384
7485	fracturar	2384
7486	socialmente	2384
7487	prest	2382
7488	conflictivo	2381
7489	matutino	2381
7490	enteramente	2380
7491	idóneo	2380
7492	implorar	2380
7493	strike	2380
7494	rebasar	2378
7495	tentador	2378
7496	temible	2377
7497	comercialización	2376
7498	pitido	2376
7499	desastroso	2374
7500	instruir	2374
7501	mordida	2373
7502	camionero	2372
7503	cavidad	2372
7504	tópico	2372
7505	engreído	2370
7506	ronco	2370
7507	chequeo	2369
7508	asignatura	2368
7509	implícito	2368
7510	penitenciario	2366
7511	recomendable	2365
7512	vengador	2364
7513	quehacer	2363
7514	táctico	2363
7515	cognitivo	2362
7516	apreciación	2361
7517	catalogar	2361
7518	novena	2361
7519	chelín	2360
7520	detección	2360
7521	incompetente	2360
7522	caudal	2359
7523	coyote	2359
7524	escaparate	2359
7525	vislumbrar	2359
7526	indiscutible	2358
7527	light	2358
7528	cromosoma	2356
7529	rebote	2356
7530	unánime	2356
7531	ahuyentar	2355
7532	cayo	2355
7533	adivino	2353
7534	barbaridad	2353
7535	involuntario	2353
7536	sonoro	2353
7537	armónico	2351
7538	incomprensible	2351
7539	mezquita	2351
7540	exclusión	2350
7541	superstición	2349
7542	credencial	2346
7543	etarra	2344
7544	vs	2344
7545	desolado	2343
7546	Reich	2341
7547	azteca	2341
7548	robusto	2340
7549	abanico	2339
7550	imposición	2339
7551	clientela	2338
7552	desviación	2338
7553	halagado	2338
7554	temple	2338
7555	bajada	2337
7556	antojar	2336
7557	tachar	2336
7558	fijación	2335
7559	sardina	2335
7560	superintendente	2335
7561	suspenso	2335
7562	calavera	2333
7563	abertura	2332
7564	brear	2332
7565	ostentar	2332
7566	bribón	2331
7567	fúnebre	2331
7568	insolente	2331
7569	vicioso	2331
7570	comercializar	2330
7571	bocina	2329
7572	emanar	2329
7573	avena	2328
7574	minucioso	2328
7575	perfilar	2327
7576	residencial	2327
7577	expulsado	2326
7578	menear	2326
7579	gruñido	2325
7580	incumbir	2325
7581	silbato	2325
7582	ablandar	2324
7583	historieta	2323
7584	prescripción	2323
7585	anexo	2322
7586	bulevar	2322
7587	competitividad	2322
7588	ordenamiento	2322
7589	trivial	2322
7590	cuchilla	2321
7591	platicar	2321
7592	magnificar	2320
7593	olvidado	2320
7594	redimir	2320
7595	arqueólogo	2318
7596	citación	2318
7597	desbordar	2318
7598	exprimir	2318
7599	soñador	2317
7600	exhalar	2315
7601	sincronizado	2315
7602	carroza	2314
7603	gruñir	2314
7604	pulir	2314
7605	equilibrar	2312
7606	planetario	2312
7607	cofre	2311
7608	esmoquin	2311
7609	extrañamente	2311
7610	minimizar	2311
7611	caprichoso	2310
7612	caricatura	2310
7613	colmillo	2310
7614	mercader	2310
7615	muleta	2309
7616	ascendente	2308
7617	idiotez	2308
7618	liquidación	2307
7619	alcoba	2305
7620	anterioridad	2305
7621	brother	2305
7622	escotilla	2305
7623	pose	2305
7624	tacaño	2304
7625	cuidador	2303
7626	especializar	2303
7627	faceta	2303
7628	pepino	2303
7629	untar	2303
7630	apagón	2302
7631	meteorológico	2302
7632	orador	2302
7633	óxido	2302
7634	lavadora	2300
7635	pulpo	2299
7636	batear	2298
7637	subversivo	2298
7638	convergencia	2297
7639	entablar	2297
7640	celta	2296
7641	delantal	2295
7642	forjar	2295
7643	lujuria	2293
7644	obstrucción	2293
7645	amontonar	2292
7646	inclusión	2292
7647	cabal	2291
7648	cultivado	2291
7649	pum	2291
7650	banquillo	2290
7651	tambalear	2290
7652	inmovilizar	2289
7653	brujería	2288
7654	intensamente	2288
7655	moretón	2288
7656	nata	2287
7657	obsequio	2287
7658	Jedi	2286
7659	aplicable	2286
7660	arrugado	2286
7661	discográfico	2285
7662	vocabulario	2285
7663	alarmante	2284
7664	concursante	2283
7665	mercantil	2282
7666	pesimista	2282
7667	retroceso	2282
7668	custodiar	2281
7669	desigual	2281
7670	estirado	2281
7671	mediterráneo	2281
7672	agitación	2280
7673	comparecencia	2280
7674	opresión	2280
7675	recalcar	2279
7676	bufón	2278
7677	conjuntamente	2278
7678	petra	2278
7679	confortable	2277
7680	pope	2277
7681	deficiente	2276
7682	limite	2274
7683	mediación	2274
7684	paleta	2273
7685	dúo	2272
7686	textil	2271
7687	sublime	2270
7688	afirmativo	2269
7689	canguro	2269
7690	cordial	2269
7691	inventor	2269
7692	soplo	2269
7693	conformidad	2266
7694	inmoral	2266
7695	anatomía	2265
7696	clamar	2265
7697	invernadero	2265
7698	sudamericano	2265
7699	acatar	2264
7700	templado	2264
7701	unanimidad	2264
7702	escrúpulo	2263
7703	decaer	2262
7704	indeciso	2261
7705	revocar	2261
7706	caimán	2260
7707	cautela	2260
7708	provocado	2260
7709	angelito	2259
7710	oleada	2259
7711	cagado	2258
7712	jaque	2258
7713	ocasionalmente	2257
7714	opio	2257
7715	impresora	2256
7716	realizador	2256
7717	cantera	2255
7718	viga	2255
7719	coherencia	2254
7720	horca	2254
7721	encendedor	2253
7722	inválido	2253
7723	visualizar	2252
7724	cortejar	2251
7725	linaje	2250
7726	corromper	2249
7727	impulsivo	2249
7728	piojo	2249
7729	ancla	2248
7730	reproche	2248
7731	vertebral	2247
7732	popa	2246
7733	temerario	2246
7734	concejo	2243
7735	amplitud	2242
7736	limpiador	2242
7737	coordinado	2240
7738	lúcido	2240
7739	elástico	2239
7740	matizar	2239
7741	escorpión	2238
7742	inspirador	2238
7743	moler	2238
7744	pantera	2238
7745	carnicería	2237
7746	naturalidad	2237
7747	piadoso	2237
7748	rentar	2237
7749	when	2237
7750	anticuerpo	2236
7751	similitud	2236
7752	acertijo	2234
7753	nitrógeno	2234
7754	patológico	2233
7755	formulación	2232
7756	tormento	2232
7757	bisabuelo	2231
7758	seo	2230
7759	apresurado	2229
7760	degradación	2229
7761	descalificar	2228
7762	pleito	2228
7763	expresamente	2227
7764	incondicional	2227
7765	multimillonario	2227
7766	omega	2227
7767	charlatán	2226
7768	devenir	2226
7769	dotación	2226
7770	racismo	2226
7771	porte	2225
7772	ensangrentar	2224
7773	hinchado	2224
7774	borrachera	2223
7775	desertor	2223
7776	identificado	2223
7777	moco	2223
7778	notablemente	2223
7779	jarrón	2221
7780	estufa	2220
7781	indefinido	2220
7782	metabolismo	2219
7783	perturbador	2219
7784	sinfónico	2219
7785	malla	2218
7786	rabioso	2218
7787	entonar	2217
7788	flotante	2217
7789	legitimidad	2217
7790	venado	2217
7791	imparable	2216
7792	sevillano	2216
7793	broche	2215
7794	destinatario	2215
7795	añorar	2213
7796	duramente	2213
7797	estribor	2213
7798	geométrico	2213
7799	latitud	2213
7800	hepático	2212
7801	guisante	2211
7802	gaviota	2210
7803	retardado	2210
7804	paranoia	2209
7805	cerco	2207
7806	correlación	2207
7807	prólogo	2207
7808	reo	2207
7809	aura	2206
7810	hb	2206
7811	amargado	2204
7812	capucha	2204
7813	purificar	2204
7814	transcripción	2204
7815	contrarrestar	2203
7816	destapar	2203
7817	palmera	2203
7818	sujetador	2203
7819	cava	2202
7820	labial	2202
7821	contrabandista	2201
7822	pintoresco	2201
7823	mejoría	2200
7824	travesura	2200
7825	decencia	2199
7826	emisor	2199
7827	reestructuración	2197
7828	tiranía	2197
7829	eclipse	2195
7830	empírico	2195
7831	ventura	2195
7832	aragonés	2194
7833	burocrático	2194
7834	abad	2193
7835	tuberculosis	2193
7836	venerar	2193
7837	mordisco	2191
7838	ordenación	2191
7839	alfiler	2190
7840	contienda	2190
7841	suavidad	2190
7842	chapa	2188
7843	comparable	2188
7844	orificio	2188
7845	filtración	2187
7846	meramente	2187
7847	despojar	2186
7848	exhaustivo	2186
7849	xi	2185
7850	arbitrario	2184
7851	resentido	2184
7852	zanja	2184
7853	discurrir	2183
7854	euforia	2183
7855	trineo	2183
7856	oprimir	2182
7857	sorteo	2182
7858	capataz	2181
7859	mural	2181
7860	traza	2181
7861	tripulante	2181
7862	acurrucar	2180
7863	vicario	2180
7864	afinar	2179
7865	pinche	2179
7866	plural	2178
7867	extracto	2177
7868	lóbulo	2177
7869	plantel	2177
7870	debutar	2176
7871	chuleta	2175
7872	coeficiente	2175
7873	degenerado	2175
7874	inflamación	2175
7875	premiado	2175
7876	teja	2175
7877	telenovela	2175
7878	abstinencia	2174
7879	aprovechamiento	2174
7880	eslabón	2174
7881	críquet	2172
7882	neurológico	2172
7883	panadería	2172
7884	cuadrante	2171
7885	obesidad	2171
7886	abastecer	2169
7887	confeccionar	2169
7888	espagueti	2168
7889	viña	2168
7890	desgastar	2167
7891	moralidad	2167
7892	retractar	2167
7893	mimar	2166
7894	supresión	2166
7895	chimpancé	2165
7896	comediante	2165
7897	amnesia	2164
7898	aspiradora	2164
7899	muela	2164
7900	barricada	2163
7901	unitario	2163
7902	fogata	2162
7903	mandamiento	2162
7904	bolívar	2161
7905	censurar	2161
7906	horrendo	2161
7907	plasmar	2161
7908	castor	2159
7909	contiguo	2158
7910	hidráulico	2158
7911	vikingo	2158
7912	delimitar	2157
7913	desenvolver	2157
7914	estorbar	2157
7915	gruñón	2157
7916	rotura	2157
7917	desenlace	2156
7918	evasión	2156
7919	progresivamente	2155
7920	aló	2154
7921	pestaña	2154
7922	liza	2153
7923	nutrir	2153
7924	mitología	2152
7925	hipnotizar	2151
7926	tallar	2151
7927	constelación	2150
7928	fastidio	2150
7929	inexistente	2150
7930	caótico	2149
7931	contratiempo	2149
7932	engañoso	2149
7933	precoz	2149
7934	silbido	2149
7935	grillo	2148
7936	radicalmente	2148
7937	convertido	2147
7938	pecar	2147
7939	virar	2147
7940	apenado	2144
7941	raramente	2144
7942	pictórico	2143
7943	acre	2141
7944	consistencia	2141
7945	realeza	2141
7946	irreversible	2140
7947	liberalismo	2140
7948	macizo	2140
7949	noreste	2140
7950	vertiente	2140
7951	complot	2139
7952	túnica	2138
7953	uranio	2138
7954	bombear	2137
7955	inmaduro	2137
7956	marear	2137
7957	titán	2137
7958	afección	2136
7959	diestro	2136
7960	obstruir	2136
7961	demoler	2135
7962	vals	2135
7963	ayuno	2133
7964	disolución	2133
7965	reprimido	2133
7966	elenco	2131
7967	impactante	2131
7968	ingrato	2131
7969	inmortalidad	2131
7970	reelección	2131
7971	show	2130
7972	génesis	2129
7973	palco	2129
7974	vip	2129
7975	agrio	2128
7976	butaca	2128
7977	diplomacia	2128
7978	sinónimo	2128
7979	cátedra	2127
7980	drenaje	2127
7981	centinela	2126
7982	semental	2126
7983	champú	2125
7984	ca	2123
7985	enumerar	2123
7986	cora	2122
7987	erudito	2122
7988	abastecimiento	2121
7989	acústico	2121
7990	viceversa	2121
7991	nominar	2119
7992	sarcasmo	2119
7993	arañar	2118
7994	presto	2118
7995	verificación	2118
7996	reiterado	2116
7997	contorno	2115
7998	vaina	2115
7999	emir	2114
8000	escalofriante	2114
8001	diabético	2113
8002	pasarela	2113
8003	bruscamente	2112
8004	ganadería	2112
8005	pastelito	2112
8006	antojo	2111
8007	aturdido	2111
8008	latente	2111
8009	irreal	2109
8010	deformar	2108
8011	paraguayo	2108
8012	marfil	2106
8013	encaminado	2105
8014	llamamiento	2105
8015	revestir	2105
8016	demandado	2104
8017	rifle	2104
8018	lanzado	2103
8019	matadero	2103
8020	recesión	2103
8021	recordatorio	2103
8022	ministerial	2102
8023	comandar	2101
8024	desertar	2100
8025	materializar	2100
8026	alférez	2099
8027	desagüe	2099
8028	faz	2098
8029	surrealista	2098
8030	valija	2098
8031	bi	2096
8032	cráter	2096
8033	solista	2096
8034	rendición	2095
8035	vivencia	2095
8036	aceleración	2094
8037	camerino	2093
8038	portón	2093
8039	puja	2093
8040	remediar	2093
8041	sedar	2093
8042	intolerable	2092
8043	prosa	2092
8044	socioeconómico	2091
8045	anticipo	2089
8046	monitorear	2089
8047	coyuntura	2088
8048	esmalte	2088
8049	esposar	2088
8050	falsedad	2087
8051	devastado	2086
8052	grabadora	2084
8053	infeccioso	2084
8054	neoyorquino	2084
8055	cambiante	2083
8056	furtivo	2083
8057	recurrente	2083
8058	vello	2082
8059	interactuar	2081
8060	uniformado	2081
8061	vestimenta	2081
8062	vial	2081
8063	galón	2080
8064	sable	2080
8065	neurona	2079
8066	cabaré	2078
8067	egoísmo	2078
8068	lino	2078
8069	salio	2078
8070	agropecuario	2077
8071	clóset	2077
8072	extorsión	2077
8073	colada	2076
8074	glucosa	2075
8075	embarque	2073
8076	crónico	2072
8077	averiar	2071
8078	cuestionario	2071
8079	subconsciente	2071
8080	etc.	2069
8081	gradualmente	2069
8082	victorioso	2069
8083	dorsal	2068
8084	fascismo	2068
8085	musa	2068
8086	pta	2068
8087	amateur	2067
8088	perplejo	2067
8089	tapón	2067
8090	galletita	2066
8091	fallecimiento	2065
8092	rallado	2065
8093	simulacro	2065
8094	concesionario	2064
8095	delictivo	2064
8096	puntería	2064
8097	estresante	2063
8098	inundado	2063
8099	arruinado	2062
8100	neumonía	2062
8101	tenebroso	2062
8102	alcaide	2061
8103	edificar	2061
8104	educador	2061
8105	irritado	2061
8106	ojalar	2061
8107	libertador	2060
8108	subsistir	2060
8109	entristecer	2058
8110	vejiga	2058
8111	imperativo	2057
8112	jarabe	2057
8113	cúbico	2056
8114	perforación	2056
8115	alineación	2055
8116	apilar	2055
8117	arrastre	2055
8118	orquídea	2055
8119	azafato	2054
8120	dominación	2054
8121	acosado	2052
8122	decepcionante	2052
8123	menospreciar	2052
8124	monólogo	2052
8125	vitalidad	2052
8126	acaparar	2051
8127	resignar	2051
8128	asaltante	2049
8129	declinar	2049
8130	farsante	2049
8131	lápida	2048
8132	geológico	2047
8133	providencia	2047
8134	patrocinio	2046
8135	contestador	2045
8136	guiso	2045
8137	municipalidad	2045
8138	observatorio	2045
8139	destituir	2043
8140	round	2043
8141	agrandar	2042
8142	alcoholismo	2042
8143	conyugal	2042
8144	nominación	2041
8145	improvisación	2040
8146	atletismo	2039
8147	cresta	2038
8148	deshecho	2038
8149	entretanto	2038
8150	potasio	2038
8151	roce	2038
8152	arduo	2037
8153	maestría	2036
8154	sociológico	2036
8155	panecillo	2035
8156	radiofónico	2035
8157	recreación	2035
8158	reprobar	2034
8159	descolgar	2033
8160	guapísimo	2033
8161	indignado	2032
8162	codicioso	2031
8163	penitencia	2031
8164	quebrada	2029
8165	colegial	2028
8166	deshonrar	2028
8167	miniatura	2028
8168	partitura	2028
8169	currículum	2027
8170	matador	2026
8171	simplificar	2026
8172	inca	2025
8173	tarro	2025
8174	virtuoso	2025
8175	alineado	2023
8176	jabalí	2023
8177	candado	2022
8178	cazuela	2022
8179	históricamente	2022
8180	inmerso	2022
8181	persiana	2022
8182	residual	2022
8183	deducción	2021
8184	evaporar	2021
8185	globalización	2021
8186	abonar	2020
8187	abstracción	2020
8188	fertilidad	2020
8189	hinchar	2020
8190	camisón	2019
8191	confinado	2019
8192	sarcástico	2019
8193	disciplinario	2018
8194	violentamente	2018
8195	gozo	2017
8196	jama	2017
8197	sustento	2016
8198	cliché	2015
8199	cónyuge	2014
8200	enunciado	2014
8201	asfixia	2013
8202	juerga	2013
8203	tranquilizante	2013
8204	adelgazar	2012
8205	congregación	2012
8206	lisiado	2012
8207	cenicero	2010
8208	excremento	2009
8209	gamma	2009
8210	magno	2009
8211	confidencialidad	2006
8212	factible	2006
8213	receso	2005
8214	rítmico	2005
8215	ocupante	2004
8216	prójimo	2004
8217	repartidor	2004
8218	vidente	2004
8219	hito	2003
8220	notificación	2003
8221	postergar	2003
8222	carnada	2002
8223	extraordinariamente	2002
8224	golpeado	2002
8225	mueca	2002
8226	paralelamente	2001
8227	ampolla	2000
8228	análogo	2000
8229	poblador	2000
8230	recopilar	2000
8231	adhesivo	1999
8232	almeja	1999
8233	desamparar	1999
8234	grada	1999
8235	analgésico	1997
8236	ciruela	1997
8237	desdichado	1997
8238	incumplimiento	1997
8239	revelador	1997
8240	sureste	1997
8241	hobby	1996
8242	desmayo	1995
8243	intravenoso	1995
8244	albóndiga	1994
8245	estofado	1994
8246	potro	1994
8247	astilla	1993
8248	calambre	1993
8249	cerdito	1993
8250	impaciencia	1993
8251	nublado	1993
8252	expirar	1992
8253	liebre	1990
8254	acreditar	1989
8255	enfocado	1989
8256	cagada	1988
8257	premiar	1988
8258	arándano	1987
8259	diecinueve	1986
8260	listado	1986
8261	cortejo	1985
8262	ensueño	1985
8263	machete	1985
8264	trucha	1985
8265	casualmente	1984
8266	foca	1984
8267	leopardo	1984
8268	rivalidad	1984
8269	apasionante	1983
8270	búho	1983
8271	constituyente	1983
8272	cronista	1983
8273	golosina	1983
8274	inhibir	1983
8275	ratito	1983
8276	rocoso	1983
8277	evidenciar	1982
8278	indigente	1982
8279	reservación	1982
8280	cantor	1981
8281	loma	1981
8282	maleducado	1981
8283	calamar	1980
8284	defunción	1980
8285	guitarrista	1979
8286	muchedumbre	1979
8287	pretendiente	1979
8288	estimulación	1978
8289	enfado	1977
8290	guarro	1977
8291	pilar	1977
8292	relucir	1977
8293	watt	1977
8294	ace	1975
8295	apache	1975
8296	dónut	1974
8297	ombligo	1974
8298	hondureño	1973
8299	lentitud	1972
8300	contingente	1971
8301	hormonal	1971
8302	sintonizar	1971
8303	óvulo	1971
8304	asesoramiento	1970
8305	magnate	1970
8306	recepcionista	1968
8307	seducción	1968
8308	anulación	1967
8309	disidente	1967
8310	traba	1967
8311	artesanía	1966
8312	concertación	1966
8313	elfo	1966
8314	envase	1965
8315	gil	1965
8316	nadador	1965
8317	urgir	1965
8318	antropología	1964
8319	apañar	1964
8320	efímero	1964
8321	lente	1964
8322	rugir	1964
8323	algoritmo	1963
8324	bucear	1963
8325	despensa	1963
8326	maternal	1963
8327	trey	1963
8328	apretón	1962
8329	documentado	1962
8330	exportador	1962
8331	trazo	1962
8332	bro	1961
8333	caviar	1961
8334	escanear	1961
8335	mueble	1961
8336	despedazar	1960
8337	mecer	1960
8338	traumatismo	1960
8339	asturiano	1959
8340	delirante	1958
8341	fertilizante	1958
8342	sauna	1958
8343	sórdido	1957
8344	jacuzzi	1956
8345	jesuita	1956
8346	tempestad	1956
8347	torso	1956
8348	astucia	1955
8349	sutura	1955
8350	gotear	1954
8351	objetividad	1954
8352	cho	1953
8353	nuboso	1953
8354	major	1951
8355	posguerra	1950
8356	tertulia	1950
8357	avecinar	1949
8358	pícaro	1949
8359	tinte	1949
8360	fascinación	1948
8361	manantial	1948
8362	nova	1948
8363	párroco	1947
8364	saturado	1947
8365	torácico	1947
8366	canon	1946
8367	catastrófico	1946
8368	extirpar	1946
8369	rumano	1946
8370	anualmente	1945
8371	mariquita	1945
8372	patín	1945
8373	tenue	1945
8374	chin	1944
8375	ecologista	1944
8376	acuario	1942
8377	analogía	1942
8378	aprisa	1942
8379	azufre	1941
8380	hincha	1941
8381	naufragio	1941
8382	calzar	1940
8383	cojín	1940
8384	descalzo	1940
8385	olivo	1940
8386	conciliar	1939
8387	embarazar	1939
8388	estancado	1939
8389	pincel	1939
8390	avalancha	1937
8391	cabellera	1937
8392	deslumbrante	1937
8393	flexión	1936
8394	panadero	1936
8395	sensorial	1936
8396	colgante	1934
8397	cuadrilla	1933
8398	insensato	1933
8399	medicinal	1933
8400	mellizo	1933
8401	Alzheimer	1931
8402	anulado	1931
8403	bs	1931
8404	mayúscula	1931
8405	reescribir	1930
8406	venida	1930
8407	conmocionar	1929
8408	cuarteto	1929
8409	discapacidad	1928
8410	canoa	1927
8411	pisada	1927
8412	atropello	1926
8413	pandillero	1926
8414	planchar	1926
8415	asfalto	1925
8416	cafetero	1925
8417	estantería	1925
8418	podar	1925
8419	inmersión	1924
8420	melocotón	1924
8421	colateral	1923
8422	rodaja	1923
8423	bacalao	1922
8424	discretamente	1922
8425	bistec	1921
8426	indulto	1921
8427	teóricamente	1920
8428	calumnia	1919
8429	colmena	1918
8430	cota	1918
8431	positivamente	1918
8432	rosquilla	1918
8433	auditoría	1917
8434	inseparable	1917
8435	ventilar	1917
8436	calzada	1916
8437	confidente	1916
8438	sabotaje	1916
8439	azote	1915
8440	compresión	1915
8441	crianza	1915
8442	ultra	1915
8443	cordillera	1914
8444	hetero	1914
8445	mortero	1914
8446	polémico	1914
8447	tristemente	1914
8448	contemplación	1913
8449	emergente	1913
8450	hereditario	1912
8451	larva	1912
8452	ambigüedad	1911
8453	degollar	1910
8454	mantel	1910
8455	demoníaco	1909
8456	deshonesto	1909
8457	disuelto	1908
8458	eslogan	1908
8459	pedagógico	1908
8460	extremista	1907
8461	bit	1906
8462	mediador	1906
8463	microscopio	1906
8464	próximamente	1905
8465	arrollar	1903
8466	cauteloso	1903
8467	drenar	1903
8468	estiércol	1903
8469	sacudida	1903
8470	divinidad	1902
8471	plus	1902
8472	capitular	1901
8473	colorear	1901
8474	medallón	1901
8475	mejoramiento	1901
8476	carente	1900
8477	gerencia	1899
8478	jaguar	1899
8479	nutritivo	1899
8480	didáctico	1898
8481	esclarecer	1897
8482	hechizar	1897
8483	traspaso	1897
8484	alocado	1896
8485	moldear	1896
8486	apropiar	1895
8487	espray	1895
8488	postulado	1895
8489	redondear	1895
8490	restringir	1895
8491	soprano	1895
8492	cuatrocientos	1894
8493	radial	1894
8494	altísimo	1892
8495	wéstern	1892
8496	asa	1891
8497	causante	1891
8498	imponente	1891
8499	tramitar	1891
8500	hepatitis	1890
8501	tremendamente	1890
8502	semántico	1888
8503	aullar	1887
8504	ruedo	1887
8505	dispersión	1886
8506	jaleo	1886
8507	liso	1886
8508	maceta	1886
8509	pliegue	1886
8510	distorsión	1885
8511	durmiente	1885
8512	memorial	1885
8513	industrializar	1883
8514	terrorífico	1883
8515	vereda	1883
8516	compasivo	1882
8517	difuso	1881
8518	envenenamiento	1881
8519	anteayer	1880
8520	entrometido	1880
8521	paladar	1880
8522	especialización	1879
8523	ponencia	1879
8524	relajante	1879
8525	señuelo	1879
8526	floral	1877
8527	pepinillo	1877
8528	tórax	1877
8529	espécimen	1876
8530	agotamiento	1874
8531	relajación	1874
8532	atlántico	1873
8533	atrocidad	1873
8534	beneficencia	1873
8535	boceto	1873
8536	cúmulo	1873
8537	higo	1873
8538	neurótico	1873
8539	astronómico	1872
8540	sake	1872
8541	trasto	1872
8542	abogar	1870
8543	incumplir	1870
8544	deparar	1869
8545	indirectamente	1869
8546	graso	1868
8547	enciclopedia	1867
8548	ovación	1867
8549	transportador	1867
8550	bache	1866
8551	erguido	1866
8552	mai	1866
8553	sandalia	1866
8554	budista	1865
8555	ceguera	1864
8556	socialdemócrata	1864
8557	sortear	1864
8558	dorar	1863
8559	escandalizar	1863
8560	desintegrar	1862
8561	golden	1862
8562	anticipación	1861
8563	cepa	1861
8564	conmemorar	1861
8565	gong	1861
8566	rebeldía	1860
8567	apoderado	1859
8568	tosco	1859
8569	neutro	1857
8570	revolcar	1857
8571	trascendental	1857
8572	balística	1855
8573	proporcional	1855
8574	aristócrata	1854
8575	ceñir	1854
8576	congregar	1854
8577	decorativo	1854
8578	atascar	1853
8579	estadístico	1853
8580	gore	1853
8581	sien	1853
8582	aconsejable	1852
8583	ara	1852
8584	coronar	1852
8585	mantenido	1852
8586	emparejar	1851
8587	mutilado	1850
8588	frenético	1849
8589	mecha	1849
8590	rubí	1849
8591	aleta	1848
8592	astillero	1848
8593	gilipollez	1848
8594	homogéneo	1848
8595	gradual	1847
8596	anonimato	1846
8597	frigorífico	1846
8598	reproductor	1845
8599	campanilla	1844
8600	derrumbe	1844
8601	contaminante	1843
8602	golpeo	1843
8603	hangar	1843
8604	mapache	1843
8605	rojizo	1843
8606	doblegar	1842
8607	frustrar	1842
8608	franqueza	1841
8609	incógnita	1841
8610	legitimar	1841
8611	bisturí	1840
8612	carnal	1840
8613	cloaca	1840
8614	gin	1840
8615	mediar	1839
8616	UF	1838
8617	argelino	1838
8618	desanimar	1838
8619	perpetrar	1837
8620	pin	1837
8621	bondadoso	1836
8622	manso	1836
8623	sádico	1835
8624	departamental	1834
8625	consumado	1833
8626	dilatado	1833
8627	directriz	1832
8628	estrago	1832
8629	intermitente	1832
8630	tembloroso	1831
8631	apropiadamente	1830
8632	djinn	1830
8633	espinaca	1830
8634	impermeable	1830
8635	obsoleto	1830
8636	envejecimiento	1829
8637	minoritario	1829
8638	señalado	1829
8639	aguardiente	1828
8640	consejería	1828
8641	adjetivo	1827
8642	mesita	1827
8643	vasija	1827
8644	adquirido	1826
8645	cordura	1826
8646	quicio	1826
8647	rizar	1826
8648	trenza	1826
8649	aseo	1825
8650	hematoma	1825
8651	palito	1825
8652	culinario	1824
8653	rebanada	1824
8654	reconfortante	1824
8655	gestación	1823
8656	tenaz	1823
8657	virrey	1823
8658	ademán	1822
8659	carita	1822
8660	hipertensión	1822
8661	vigoroso	1822
8662	anticonceptivo	1821
8663	bordar	1821
8664	brutalidad	1821
8665	mayonesa	1821
8666	puma	1821
8667	sobrevolar	1821
8668	clérigo	1820
8669	incisión	1820
8670	precursor	1820
8671	finar	1819
8672	tentativa	1819
8673	biopsia	1817
8674	júbilo	1817
8675	significativamente	1817
8676	urbanismo	1817
8677	dañino	1816
8678	licitación	1816
8679	martirio	1816
8680	búnker	1815
8681	precipicio	1815
8682	presuntamente	1813
8683	preferentemente	1812
8684	acorazado	1811
8685	retaguardia	1811
8686	franquismo	1810
8687	prescribir	1810
8688	recelo	1809
8689	heno	1808
8690	impunidad	1808
8691	profesorado	1808
8692	capellán	1807
8693	eliminado	1807
8694	trol	1807
8695	enmendar	1806
8696	pi	1806
8697	rústico	1806
8698	íntegro	1806
8699	recubrir	1805
8700	afín	1804
8701	conjuro	1804
8702	documentar	1804
8703	excedente	1804
8704	perturbación	1804
8705	crujiente	1803
8706	volcánico	1803
8707	escuadra	1802
8708	simpatizar	1802
8709	talibán	1802
8710	tráiler	1802
8711	aminoácido	1801
8712	divisar	1801
8713	palpar	1801
8714	sencillez	1801
8715	sofocar	1801
8716	suroeste	1801
8717	envejecido	1800
8718	saliente	1799
8719	exageración	1797
8720	maravillosamente	1797
8721	dolorido	1796
8722	besito	1795
8723	declarado	1795
8724	compartimento	1794
8725	desgaste	1794
8726	estereotipo	1794
8727	hormigón	1794
8728	hum	1794
8729	romanticismo	1794
8730	enmascarado	1793
8731	jeringa	1793
8732	miga	1793
8733	trastornado	1793
8734	vertedero	1793
8735	vigilia	1793
8736	cacao	1792
8737	insinuación	1792
8738	atadura	1791
8739	esposado	1791
8740	moderación	1791
8741	pitar	1791
8742	urgentemente	1791
8743	extraviado	1790
8744	palillo	1790
8745	antro	1789
8746	peine	1789
8747	remodelación	1789
8748	rubro	1789
8749	oasis	1788
8750	predominio	1788
8751	triplicar	1788
8752	activamente	1787
8753	dique	1787
8754	panfleto	1787
8755	superponer	1786
8756	adulterio	1784
8757	estribo	1784
8758	lechero	1784
8759	cerrojo	1783
8760	careta	1782
8761	infrarrojo	1782
8762	laborista	1781
8763	manipulador	1781
8764	persa	1781
8765	procesador	1781
8766	box	1780
8767	vudú	1780
8768	interino	1779
8769	estrechamente	1778
8770	incompatible	1778
8771	sudoroso	1778
8772	clemencia	1777
8773	calmante	1776
8774	saturación	1776
8775	vaginal	1776
8776	disuadir	1775
8777	refrescante	1774
8778	vascular	1774
8779	caseta	1773
8780	grandullón	1773
8781	majestuoso	1773
8782	erosión	1772
8783	perkin	1772
8784	recluir	1772
8785	bibliotecario	1771
8786	infusión	1771
8787	merienda	1771
8788	ascensión	1770
8789	enigmático	1770
8790	imparcial	1770
8791	incesante	1770
8792	weber	1770
8793	fichero	1769
8794	frívolo	1769
8795	ocurrencia	1769
8796	teología	1769
8797	anarquía	1768
8798	inherente	1768
8799	interrogación	1768
8800	dentadura	1766
8801	litera	1766
8802	relegar	1766
8803	amputar	1764
8804	atemorizar	1764
8805	colosal	1764
8806	súbitamente	1764
8807	vagamente	1764
8808	allanar	1763
8809	deliberado	1763
8810	alumbrar	1762
8811	claustro	1762
8812	imperdonable	1762
8813	intendente	1761
8814	zen	1761
8815	bitácora	1760
8816	edificación	1760
8817	errante	1760
8818	transfusión	1760
8819	atribución	1759
8820	fisura	1759
8821	hortaliza	1759
8822	miligramo	1759
8823	selecto	1759
8824	trascendente	1759
8825	contagio	1758
8826	costear	1758
8827	pétalo	1758
8828	colt	1757
8829	parabrisas	1757
8830	puñal	1757
8831	foso	1756
8832	recomponer	1756
8833	arremeter	1754
8834	brutalmente	1754
8835	quebrantar	1754
8836	zumbar	1754
8837	asesorar	1753
8838	destacamento	1753
8839	legua	1753
8840	artesanal	1752
8841	cobardía	1752
8842	obediente	1752
8843	calado	1750
8844	prefecto	1750
8845	secreción	1750
8846	alargado	1749
8847	incinerar	1749
8848	inserción	1749
8849	instaurar	1749
8850	manar	1749
8851	televisar	1749
8852	genéticamente	1748
8853	ingesta	1748
8854	veintidós	1748
8855	desembarco	1746
8856	estrellado	1745
8857	maniquí	1745
8858	circunstancial	1744
8859	cuantitativo	1744
8860	escote	1744
8861	fetal	1744
8862	unicornio	1744
8863	encarnación	1743
8864	vietnamita	1742
8865	fregadero	1741
8866	inflamar	1741
8867	remolcar	1741
8868	embargar	1740
8869	empapar	1740
8870	izar	1740
8871	cana	1739
8872	hinchada	1739
8873	regularidad	1739
8874	crepúsculo	1738
8875	estudiado	1738
8876	numérico	1738
8877	atraso	1737
8878	bambú	1737
8879	digestión	1737
8880	apacible	1736
8881	alegato	1735
8882	sanatorio	1735
8883	venia	1735
8884	diagrama	1734
8885	mercadería	1734
8886	nebulosa	1734
8887	papito	1734
8888	rigidez	1734
8889	trocito	1734
8890	bautizo	1733
8891	barrido	1732
8892	discriminar	1732
8893	penalti	1732
8894	andén	1731
8895	hegemonía	1731
8896	objetar	1731
8897	alejamiento	1730
8898	caño	1730
8899	elocuente	1730
8900	granuja	1730
8901	guiño	1730
8902	imprevisible	1730
8903	divo	1729
8904	recolección	1729
8905	aldeano	1728
8906	hipocresía	1728
8907	ovario	1728
8908	compulsivo	1727
8909	incipiente	1727
8910	asno	1726
8911	consecuente	1726
8912	mir	1726
8913	bromista	1725
8914	inoportuno	1725
8915	pésame	1725
8916	astronomía	1724
8917	cualitativo	1724
8918	dolencia	1724
8919	modestia	1724
8920	perdición	1724
8921	arrebato	1723
8922	festín	1723
8923	acometer	1721
8924	ka	1721
8925	marciano	1721
8926	ofrecimiento	1721
8927	sazonar	1721
8928	estipular	1720
8929	nupcial	1720
8930	paraje	1720
8931	tai	1720
8932	bordear	1719
8933	champiñón	1719
8934	concluyente	1719
8935	cupo	1719
8936	esparcido	1719
8937	ganga	1719
8938	aseguradora	1718
8939	bautismo	1718
8940	intersección	1718
8941	secundar	1718
8942	simpatizante	1718
8943	tomografía	1718
8944	afligido	1717
8945	retrospectivo	1717
8946	osado	1716
8947	reparo	1716
8948	idealista	1715
8949	taurino	1715
8950	abusivo	1713
8951	amenazante	1713
8952	cacique	1713
8953	diferenciación	1713
8954	fábula	1713
8955	logo	1712
8956	óptico	1712
8957	arre	1711
8958	nutricional	1711
8959	restregar	1711
8960	arqueología	1710
8961	estupendamente	1710
8962	adecuar	1709
8963	pascal	1709
8964	ranking	1709
8965	repetidamente	1709
8966	controvertido	1708
8967	hospitalizar	1708
8968	combustión	1707
8969	audacia	1706
8970	chorizo	1706
8971	modelar	1706
8972	nop	1706
8973	picadura	1706
8974	play	1706
8975	regresión	1706
8976	antiterrorista	1705
8977	restaurado	1705
8978	ardor	1703
8979	bourbon	1703
8980	electorado	1703
8981	malicioso	1703
8982	gasa	1702
8983	informador	1702
8984	coreografía	1701
8985	tintorería	1701
8986	triturar	1701
8987	vendaje	1701
8988	entrañar	1700
8989	logístico	1700
8990	reformista	1700
8991	condecorar	1699
8992	condescendiente	1699
8993	emblema	1699
8994	fantasear	1699
8995	hereje	1699
8996	arbitrar	1698
8997	cuantía	1698
8998	ruleta	1698
8999	servidumbre	1698
9000	fichar	1697
9001	granito	1697
9002	incautarse	1697
9003	migratorio	1697
9004	pergamino	1697
9005	centeno	1696
9006	corpus	1696
9007	férreo	1696
9008	obeso	1696
9009	telaraña	1696
9010	óleo	1696
9011	fuero	1695
9012	burócrata	1693
9013	perar	1693
9014	rehabilitar	1693
9015	superación	1693
9016	aducir	1691
9017	conocedor	1691
9018	levemente	1691
9019	íntimamente	1691
9020	anuario	1690
9021	racionalidad	1690
9022	visado	1690
9023	avería	1689
9024	profesionalmente	1689
9025	repercutir	1689
9026	repulsivo	1689
9027	barcelonés	1688
9028	desconcertante	1688
9029	lucro	1688
9030	asemejar	1687
9031	buceo	1687
9032	intolerancia	1687
9033	regente	1687
9034	arrecife	1686
9035	brincar	1686
9036	bledo	1685
9037	quimioterapia	1685
9038	tieso	1685
9039	desafiante	1684
9040	frialdad	1684
9041	tolerante	1684
9042	aeronave	1683
9043	buzo	1683
9044	mustang	1683
9045	nocivo	1683
9046	vector	1683
9047	imaginativo	1682
9048	resorte	1682
9049	maza	1681
9050	pilotar	1681
9051	pretencioso	1681
9052	aflorar	1680
9053	mimado	1680
9054	proliferación	1680
9055	reglamentario	1680
9056	automotor	1679
9057	secretamente	1679
9058	escapada	1678
9059	mimo	1678
9060	pragmático	1678
9061	aliar	1677
9062	connotación	1677
9063	enjuiciar	1677
9064	lama	1677
9065	viruela	1677
9066	descabellado	1676
9067	desconcierto	1675
9068	emisario	1675
9069	sport	1675
9070	colmar	1673
9071	zarzuela	1672
9072	forzoso	1671
9073	predecesor	1671
9074	torpeza	1671
9075	flamante	1670
9076	burrito	1669
9077	esclavizar	1669
9078	helar	1669
9079	histeria	1668
9080	impensable	1668
9081	monótono	1668
9082	refrán	1668
9083	zoom	1668
9084	espejismo	1667
9085	galáctico	1667
9086	monárquico	1667
9087	playboy	1666
9088	succión	1666
9089	deseoso	1665
9090	desterrado	1665
9091	espanto	1665
9092	mosaico	1665
9093	pulido	1665
9094	sobresaltar	1665
9095	sudeste	1665
9096	rareza	1664
9097	torbellino	1664
9098	afeitado	1663
9099	expedir	1663
9100	peculiaridad	1663
9101	resuelto	1663
9102	exaltado	1662
9103	cristalino	1661
9104	inadvertido	1661
9105	indeseable	1661
9106	obstaculizar	1661
9107	porrista	1661
9108	suela	1661
9109	imitador	1660
9110	lucrativo	1660
9111	smart	1660
9112	en serio	1659
9113	inercia	1659
9114	presagio	1659
9115	lloriquear	1658
9116	croata	1657
9117	escarbar	1657
9118	insistente	1657
9119	lacayo	1657
9120	porteño	1657
9121	anemia	1656
9122	babear	1656
9123	chorrada	1656
9124	alabanza	1655
9125	cancillería	1655
9126	confidencia	1655
9127	franquista	1655
9128	alentador	1654
9129	episcopal	1653
9130	esquizofrenia	1653
9131	franquicia	1653
9132	habituar	1653
9133	inmunológico	1653
9134	arañazo	1652
9135	moralmente	1652
9136	patriotismo	1652
9137	descompuesto	1651
9138	orbitar	1651
9139	sobreponer	1651
9140	sociólogo	1651
9141	sollozar	1651
9142	abolir	1650
9143	originalidad	1650
9144	consignar	1649
9145	pedal	1649
9146	pronosticar	1648
9147	arropar	1647
9148	certificar	1647
9149	detenidamente	1647
9150	mazo	1647
9151	presumido	1647
9152	espolvorear	1645
9153	osar	1645
9154	peninsular	1645
9155	jerga	1643
9156	bursátil	1642
9157	fatigar	1642
9158	plegar	1642
9159	della	1641
9160	desorientado	1641
9161	atenuar	1640
9162	chalet	1640
9163	sabueso	1640
9164	saga	1640
9165	sistemáticamente	1640
9166	malaria	1639
9167	nefasto	1639
9168	peaje	1639
9169	colon	1638
9170	literal	1637
9171	pequeñín	1637
9172	busto	1636
9173	congénito	1636
9174	glaciar	1636
9175	gramática	1636
9176	jengibre	1636
9177	lucidez	1636
9178	polen	1636
9179	bateador	1635
9180	deudor	1635
9181	duplicado	1635
9182	inaugural	1635
9183	reorganizar	1635
9184	agobiar	1634
9185	conspirador	1634
9186	zafar	1634
9187	aborigen	1633
9188	pollito	1633
9189	propicio	1633
9190	cerner	1632
9191	coach	1632
9192	deformación	1632
9193	predecible	1632
9194	viñedo	1632
9195	abalanzar	1631
9196	albañil	1631
9197	alterno	1631
9198	antecesor	1631
9199	cardiovascular	1631
9200	cash	1631
9201	desilusión	1631
9202	aclamar	1629
9203	ea	1629
9204	comunicativo	1628
9205	condicionamiento	1628
9206	ende	1628
9207	estadía	1628
9208	mentón	1628
9209	ojeada	1628
9210	trompa	1628
9211	comerciar	1627
9212	estornudar	1627
9213	metanfetamina	1627
9214	reencontrar	1627
9215	taladro	1627
9216	triunfal	1627
9217	chip	1626
9218	irritación	1626
9219	perdiz	1626
9220	reclutamiento	1626
9221	terrenal	1626
9222	adjudicación	1625
9223	domesticar	1625
9224	fusible	1625
9225	hermosura	1625
9226	legalizar	1625
9227	coronación	1624
9228	saneamiento	1624
9229	triunfador	1624
9230	gnomo	1623
9231	prodigioso	1623
9232	indefinidamente	1622
9233	infinitamente	1622
9234	reciclar	1622
9235	comunal	1621
9236	errado	1621
9237	jonrón	1621
9238	ginecólogo	1620
9239	mobiliario	1620
9240	sabelotodo	1620
9241	afgano	1619
9242	afianzar	1619
9243	festividad	1619
9244	infringir	1619
9245	locamente	1619
9246	preñado	1619
9247	prominente	1619
9248	genocidio	1618
9249	virtualmente	1618
9250	buffet	1617
9251	modernizar	1617
9252	pender	1617
9253	deleitar	1615
9254	pancarta	1614
9255	ciclismo	1613
9256	folclórico	1613
9257	rizado	1613
9258	cacerola	1612
9259	espinal	1612
9260	experimentación	1612
9261	fervor	1612
9262	roedor	1612
9263	tailandés	1612
9264	comino	1611
9265	parisino	1611
9266	propenso	1611
9267	causal	1610
9268	incontable	1610
9269	morro	1610
9270	puñetero	1610
9271	atestiguar	1609
9272	probado	1609
9273	sustraer	1608
9274	timo	1608
9275	fragancia	1607
9276	espesor	1606
9277	reunido	1606
9278	triangular	1606
9279	cafeína	1605
9280	nostálgico	1605
9281	pellizcar	1605
9282	próstata	1605
9283	sobrevenir	1605
9284	terrateniente	1605
9285	escepticismo	1604
9286	faja	1604
9287	encadenar	1603
9288	inhibición	1603
9289	emigrante	1602
9290	particularidad	1602
9291	precepto	1602
9292	autenticidad	1601
9293	innato	1601
9294	marxismo	1601
9295	posgrado	1601
9296	empleador	1600
9297	estructurado	1600
9298	hipo	1600
9299	bastidor	1599
9300	empuñar	1599
9301	pibe	1599
9302	raso	1599
9303	retribución	1599
9304	azucarero	1598
9305	toar	1598
9306	tracción	1598
9307	tutela	1597
9308	goce	1596
9309	hedor	1596
9310	urinario	1596
9311	decenio	1594
9312	libreto	1594
9313	matorral	1594
9314	rufián	1594
9315	nerviosismo	1593
9316	caballito	1592
9317	f.	1592
9318	lirio	1592
9319	cowboy	1591
9320	paréntesis	1591
9321	sostenible	1591
9322	botiquín	1590
9323	esbozar	1590
9324	onza	1590
9325	certificación	1589
9326	infidelidad	1589
9327	rugby	1589
9328	injustamente	1588
9329	sobretodo	1588
9330	automovilístico	1587
9331	capitalino	1587
9332	cohesión	1587
9333	ketchup	1587
9334	reaccionario	1587
9335	recíproco	1587
9336	zinc	1586
9337	blanquear	1585
9338	espasmo	1585
9339	persuasivo	1585
9340	toreo	1585
9341	homosexualidad	1584
9342	premeditar	1584
9343	acreditado	1583
9344	cebra	1583
9345	doquiera	1583
9346	portuario	1583
9347	rancio	1583
9348	cibernético	1582
9349	sandía	1582
9350	tortita	1582
9351	cabildo	1581
9352	navegante	1581
9353	perpetuar	1581
9354	sigla	1581
9355	bobada	1580
9356	fa	1580
9357	hocico	1580
9358	largamente	1580
9359	plagado	1580
9360	recreativo	1580
9361	rizo	1580
9362	afinidad	1579
9363	benefactor	1579
9364	periferia	1579
9365	preservativo	1579
9366	suboficial	1579
9367	cacharro	1578
9368	pipí	1578
9369	urbanístico	1578
9370	ahorita	1577
9371	memo	1577
9372	pinar	1577
9373	cabecilla	1576
9374	conservatorio	1576
9375	infalible	1576
9376	aval	1575
9377	bocazas	1575
9378	sustancialmente	1575
9379	captación	1574
9380	complutense	1574
9381	holocausto	1574
9382	ping	1574
9383	páramo	1574
9384	saciar	1574
9385	abrigar	1573
9386	diesel	1573
9387	impreciso	1572
9388	maltrato	1572
9389	neón	1572
9390	timidez	1572
9391	oprimido	1571
9392	palmada	1571
9393	descendencia	1570
9394	especificación	1570
9395	pujar	1570
9396	telefonía	1570
9397	turbulencia	1570
9398	antidepresivo	1569
9399	bolita	1569
9400	camping	1569
9401	cachorrito	1568
9402	esculpir	1568
9403	jadear	1568
9404	balneario	1567
9405	lombriz	1567
9406	misericordioso	1567
9407	amarillento	1566
9408	glóbulo	1566
9409	ingenuidad	1566
9410	semanario	1566
9411	acomodado	1565
9412	indecente	1565
9413	inmundo	1565
9414	perfumado	1565
9415	atrasar	1564
9416	barman	1564
9417	casquillo	1564
9418	comúnmente	1564
9419	enchufar	1564
9420	leucemia	1564
9421	sabina	1564
9422	cañería	1563
9423	esgrimir	1563
9424	inesperadamente	1563
9425	macabro	1563
9426	aduanero	1562
9427	adueñar	1562
9428	comunicador	1562
9429	gema	1562
9430	microorganismo	1562
9431	transcribir	1562
9432	avispa	1561
9433	engranaje	1561
9434	ion	1561
9435	meticuloso	1561
9436	proxeneta	1561
9437	reactivar	1561
9438	colorado	1560
9439	computación	1560
9440	androide	1559
9441	formalizar	1559
9442	pelvis	1559
9443	coop	1558
9444	surfear	1558
9445	gurú	1557
9446	sufragio	1557
9447	tapiz	1557
9448	arrimar	1556
9449	comentarista	1556
9450	irradiar	1556
9451	levadura	1556
9452	antelación	1555
9453	babor	1555
9454	falange	1555
9455	multar	1553
9456	barraca	1552
9457	drag	1552
9458	esforzado	1552
9459	demolición	1551
9460	gel	1551
9461	canino	1550
9462	mundano	1550
9463	paginar	1550
9464	abadía	1548
9465	envergadura	1548
9466	forjado	1548
9467	ladrido	1548
9468	pedófilo	1548
9469	tabú	1548
9470	terminación	1548
9471	sílaba	1547
9472	alfabeto	1546
9473	dardos	1546
9474	prolongación	1546
9475	ML	1545
9476	articulado	1545
9477	avivar	1545
9478	contrariar	1545
9479	aviador	1544
9480	derretido	1544
9481	medioambiental	1544
9482	multimedia	1544
9483	penetrante	1544
9484	garage	1543
9485	generalidad	1543
9486	sobrecarga	1542
9487	atasco	1541
9488	genoma	1541
9489	imputado	1541
9490	promulgar	1541
9491	ecología	1540
9492	metabólico	1540
9493	planificado	1540
9494	estruendo	1539
9495	impertinente	1539
9496	minería	1539
9497	progresión	1539
9498	coronario	1538
9499	normalizar	1538
9500	pugna	1538
9501	puntaje	1538
9502	dominical	1537
9503	enredo	1537
9504	forrado	1537
9505	game	1537
9506	pol	1537
9507	renegado	1537
9508	cuerdo	1536
9509	ileso	1536
9510	noruego	1536
9511	nublar	1536
9512	sabana	1536
9513	atónito	1535
9514	fingido	1535
9515	púa	1535
9516	sim	1535
9517	trabar	1535
9518	agonizar	1534
9519	prehistórico	1534
9520	singularidad	1534
9521	auditivo	1533
9522	jaqueca	1533
9523	maqueta	1533
9524	sumiso	1533
9525	clip	1532
9526	inmediación	1532
9527	saqueo	1532
9528	fotocopia	1531
9529	imperfecto	1531
9530	pakistaní	1530
9531	viabilidad	1530
9532	aguafiestas	1529
9533	activación	1528
9534	certero	1527
9535	galardón	1527
9536	tablón	1527
9537	traicionero	1527
9538	vivido	1527
9539	ateo	1526
9540	desagradecido	1526
9541	lluvioso	1526
9542	renacentista	1526
9543	descaro	1525
9544	ceño	1524
9545	paulatinamente	1524
9546	aromático	1523
9547	colectividad	1523
9548	desmantelar	1523
9549	revolucionar	1523
9550	bañado	1522
9551	hincapié	1522
9552	mugre	1522
9553	pocilga	1522
9554	tell	1522
9555	creces	1520
9556	decididamente	1520
9557	encrucijada	1520
9558	estocada	1520
9559	hilera	1520
9560	letrado	1520
9561	clero	1519
9562	despertador	1519
9563	pensativo	1519
9564	biólogo	1518
9565	conjugar	1517
9566	copiloto	1517
9567	esquizofrénico	1517
9568	dióxido	1516
9569	dígito	1516
9570	bel	1515
9571	carisma	1515
9572	entrañable	1515
9573	halago	1515
9574	vajilla	1515
9575	azulgrana	1514
9576	mamita	1514
9577	surco	1514
9578	vértebra	1514
9579	brasa	1513
9580	llaga	1513
9581	cautivar	1512
9582	psicoanálisis	1512
9583	hez	1511
9584	morboso	1511
9585	carguero	1510
9586	cesto	1510
9587	cherry	1510
9588	estomagar	1510
9589	reformatorio	1510
9590	anguila	1509
9591	electrocutar	1509
9592	land	1507
9593	ros	1507
9594	holograma	1506
9595	organizativo	1506
9596	entrepierna	1505
9597	unificación	1505
9598	grabador	1504
9599	mulato	1504
9600	plató	1504
9601	sintonía	1504
9602	brownie	1503
9603	denegado	1503
9604	despistar	1503
9605	metafísica	1503
9606	moho	1503
9607	folio	1502
9608	regresivo	1502
9609	adversidad	1501
9610	equívoco	1501
9611	invernal	1501
9612	nómada	1501
9613	remero	1501
9614	ami	1500
9615	herpes	1500
9616	prior	1500
9617	supersticioso	1500
9618	balear	1499
9619	empaquetar	1499
9620	folclore	1499
9621	hipotecario	1499
9622	migraña	1499
9623	peldaño	1499
9624	varita	1499
9625	amorío	1498
9626	chat	1498
9627	infinidad	1498
9628	paradójicamente	1498
9629	aludido	1497
9630	contabilizar	1497
9631	convencimiento	1497
9632	esgrima	1497
9633	poblar	1497
9634	retina	1497
9635	verja	1496
9636	destripar	1495
9637	espárrago	1495
9638	fusilamiento	1495
9639	resurgir	1495
9640	utensilio	1494
9641	cascabel	1493
9642	comparativo	1493
9643	empañar	1493
9644	fricción	1493
9645	confort	1492
9646	resignado	1492
9647	dividendo	1491
9648	privación	1491
9649	pudor	1491
9650	ahogo	1490
9651	iberoamericano	1490
9652	arancel	1488
9653	cate	1488
9654	fastidiado	1487
9655	furgón	1487
9656	incienso	1487
9657	recio	1487
9658	tao	1486
9659	tocador	1486
9660	amasar	1485
9661	bolero	1485
9662	consola	1485
9663	costarricense	1485
9664	caníbal	1484
9665	desconcertar	1483
9666	discrepar	1483
9667	programador	1483
9668	prórroga	1483
9669	melena	1482
9670	nexo	1482
9671	recortado	1482
9672	reluciente	1482
9673	gratificante	1481
9674	impedimento	1481
9675	reprogramar	1481
9676	succionar	1481
9677	despreocupado	1480
9678	germano	1480
9679	holgazán	1480
9680	page	1480
9681	snow	1480
9682	adscribir	1479
9683	indignar	1479
9684	boxear	1478
9685	cremallera	1478
9686	generado	1478
9687	hélice	1478
9688	sanguijuela	1478
9689	santísimo	1478
9690	fechado	1477
9691	publicista	1477
9692	reality	1477
9693	metropolitano	1476
9694	abatir	1475
9695	anglosajón	1475
9696	aventón	1475
9697	bebedor	1475
9698	domar	1475
9699	suscripción	1475
9700	acompañamiento	1474
9701	desterrar	1474
9702	domiciliario	1474
9703	lagartija	1474
9704	nítido	1474
9705	puntilla	1474
9706	kilogramo	1473
9707	locomotora	1473
9708	rodante	1473
9709	vestigio	1473
9710	caminante	1472
9711	cojear	1471
9712	dramaturgo	1471
9713	intrigado	1471
9714	madrugar	1471
9715	sobresalto	1471
9716	innegable	1470
9717	perito	1470
9718	vulnerabilidad	1470
9719	congelación	1468
9720	craneal	1468
9721	NE	1467
9722	desconfiado	1467
9723	stand	1467
9724	acecho	1466
9725	ausentar	1466
9726	flirtear	1466
9727	hamaca	1466
9728	intocable	1466
9729	lobby	1466
9730	nudillo	1466
9731	instantáneamente	1465
9732	loción	1465
9733	parodia	1465
9734	peatón	1465
9735	platino	1465
9736	unificar	1465
9737	propulsor	1464
9738	prótesis	1464
9739	remolino	1464
9740	represivo	1464
9741	existencial	1463
9742	fortalecimiento	1463
9743	jalea	1462
9744	brigadier	1461
9745	emparedado	1461
9746	indebido	1461
9747	jactar	1461
9748	mujeriego	1461
9749	varado	1461
9750	antropólogo	1460
9751	ofrecido	1460
9752	pubertad	1460
9753	reanimar	1460
9754	renovador	1460
9755	facturación	1459
9756	patinaje	1459
9757	alarde	1458
9758	matinal	1458
9759	unilateral	1458
9760	consecución	1457
9761	sindicalista	1457
9762	asistencial	1456
9763	carcelero	1456
9764	ecografía	1456
9765	fango	1456
9766	infanta	1456
9767	paradójico	1456
9768	talante	1456
9769	tónica	1456
9770	atragantar	1455
9771	castillo	1455
9772	expiatorio	1455
9773	infundir	1455
9774	presunción	1455
9775	resbaladizo	1455
9776	apio	1454
9777	avaricia	1454
9778	axila	1454
9779	ozono	1454
9780	remotamente	1454
9781	colector	1453
9782	despojado	1453
9783	halo	1453
9784	minúscula	1453
9785	tetera	1453
9786	confección	1452
9787	desactivado	1452
9788	espabilar	1452
9789	agudizar	1451
9790	candelabro	1451
9791	comadreja	1451
9792	convenientemente	1450
9793	curandero	1450
9794	exaltar	1450
9795	individualidad	1450
9796	malcriado	1450
9797	rolling	1449
9798	recámara	1448
9799	ridiculizar	1448
9800	condimento	1447
9801	duna	1447
9802	malísimo	1447
9803	baraja	1446
9804	curativo	1446
9805	manosear	1446
9806	reencarnación	1446
9807	atajar	1445
9808	edil	1445
9809	repudiar	1445
9810	RAE	1444
9811	bonaerense	1444
9812	denotar	1444
9813	destornillador	1444
9814	oportunista	1444
9815	capó	1443
9816	intelecto	1443
9817	maleza	1443
9818	hermético	1442
9819	meseta	1442
9820	roncar	1442
9821	seudónimo	1442
9822	sumisión	1442
9823	conteo	1441
9824	contingencia	1441
9825	intrigante	1441
9826	novillo	1441
9827	calamidad	1440
9828	desbaratar	1440
9829	fontanero	1440
9830	jurista	1440
9831	partidista	1440
9832	batasuno	1439
9833	gamba	1439
9834	mucama	1439
9835	apego	1438
9836	mondar	1438
9837	secado	1438
9838	acrecentar	1437
9839	cosmético	1437
9840	indigno	1437
9841	autóctono	1436
9842	cancelado	1436
9843	condensar	1436
9844	pobrecillo	1436
9845	quiqui	1436
9846	repaso	1436
9847	allegado	1435
9848	apasionar	1435
9849	cajita	1435
9850	libanés	1435
9851	menester	1435
9852	papelera	1435
9853	tesorero	1435
9854	vitrina	1435
9855	abonado	1434
9856	emplazamiento	1434
9857	meñique	1434
9858	peregrinación	1434
9859	rumorear	1434
9860	disfunción	1433
9861	len	1433
9862	musculoso	1433
9863	ocioso	1433
9864	rapar	1433
9865	discutible	1432
9866	epa	1432
9867	laptop	1432
9868	metodológico	1432
9869	pasadizo	1432
9870	protón	1432
9871	yugoslavo	1432
9872	dócil	1431
9873	pacifista	1431
9874	panamericano	1431
9875	arrinconar	1430
9876	falsificado	1430
9877	haitiano	1430
9878	manicure	1430
9879	montañoso	1430
9880	plática	1429
9881	póster	1429
9882	suplir	1429
9883	concurrencia	1428
9884	coágulo	1428
9885	galera	1428
9886	montura	1427
9887	parking	1427
9888	winchester	1427
9889	cervical	1426
9890	desfigurar	1426
9891	vacunar	1426
9892	divulgación	1425
9893	esnob	1425
9894	manojo	1425
9895	bazo	1424
9896	calva	1424
9897	cancelación	1424
9898	procuraduría	1424
9899	regeneración	1424
9900	tararear	1424
9901	reseña	1423
9902	balbucear	1422
9903	dejado	1422
9904	desilusionado	1422
9905	acuñar	1421
9906	condominio	1421
9907	rayar	1421
9908	candela	1420
9909	individualmente	1420
9910	neutrón	1420
9911	regenerar	1420
9912	veintiuno	1420
9913	carbohidrato	1419
9914	clavel	1419
9915	cotizar	1419
9916	dinamismo	1419
9917	inservible	1419
9918	magistral	1419
9919	profesar	1419
9920	desarme	1418
9921	desinteresado	1418
9922	minúsculo	1418
9923	pliego	1418
9924	provocador	1418
9925	solterón	1418
9926	ONG	1417
9927	asesoría	1417
9928	falto	1417
9929	infligir	1417
9930	reactivo	1417
9931	antebrazo	1416
9932	refutar	1416
9933	sonámbulo	1416
9934	vecindad	1416
9935	artritis	1415
9936	asalariado	1415
9937	expectación	1415
9938	hachís	1415
9939	malhumorado	1415
9940	ny	1415
9941	severamente	1415
9942	lastre	1414
9943	sutileza	1414
9944	científicamente	1413
9945	gueto	1413
9946	mediático	1413
9947	intimar	1412
9948	pen	1412
9949	victoriano	1412
9950	burlón	1411
9951	vengativo	1411
9952	desechable	1410
9953	diversificar	1410
9954	remolacha	1410
9955	berenjena	1409
9956	chamán	1409
9957	correccional	1409
9958	escudero	1409
9959	importantísimo	1409
9960	laico	1409
9961	persistencia	1409
9962	abstención	1408
9963	desbloquear	1408
9964	heder	1408
9965	lasaña	1408
9966	peligrosamente	1408
9967	caribeño	1407
9968	opaco	1407
9969	oficiar	1406
9970	pediatra	1406
9971	privatizar	1406
9972	desagradar	1405
9973	termómetro	1405
9974	arpía	1404
9975	capo	1404
9976	custodio	1404
9977	garfio	1404
9978	menopausia	1404
9979	contraatacar	1403
9980	nodriza	1403
9981	resguardar	1403
9982	desabrochar	1402
9983	podio	1402
9984	destripador	1401
9985	estrógeno	1401
9986	oráculo	1401
9987	arete	1400
9988	naipe	1400
9989	omisión	1400
9990	revuelo	1400
9991	vetar	1400
9992	aristocracia	1399
9993	avilar	1399
9994	peligrar	1399
9995	cripta	1398
9996	UCI	1397
9997	amenazador	1397
9998	cloro	1397
9999	depilar	1397
10000	disciplinado	1397
10001	embustero	1397
10002	iceberg	1397
10003	apiadar	1396
10004	genialidad	1396
10005	grass	1396
10006	impropio	1396
10007	incomodidad	1396
10008	jirafa	1396
10009	ogro	1395
10010	inadmisible	1394
10011	trébol	1394
10012	hermanastro	1393
10013	perversión	1393
10014	cabida	1392
10015	intencional	1392
10016	trópico	1392
10017	calentador	1391
10018	impositivo	1391
10019	resignación	1391
10020	expensas	1390
10021	parlante	1390
10022	sufrido	1390
10023	altercado	1389
10024	cifrado	1387
10025	descarte	1387
10026	cacto	1386
10027	inconcebible	1386
10028	pavimento	1385
10029	emboscar	1384
10030	helio	1384
10031	prófugo	1384
10032	salvador	1384
10033	fulano	1383
10034	gamberro	1383
10035	leproso	1383
10036	pereza	1383
10037	unificado	1383
10038	polvoriento	1382
10039	secular	1382
10040	tuerto	1382
10041	callao	1381
10042	embriagar	1379
10043	impune	1378
10044	personalizado	1378
10045	cisterna	1377
10046	espontáneamente	1377
10047	aC	1376
10048	descuartizar	1376
10049	humanista	1376
10050	spot	1376
10051	absorto	1375
10052	archipiélago	1375
10053	cómodamente	1375
10054	gorrión	1375
10055	heroísmo	1375
10056	mayoritariamente	1375
10057	parentesco	1375
10058	arpa	1374
10059	cesión	1374
10060	lencería	1374
10061	tuerca	1374
10062	deponer	1373
10063	destitución	1373
10064	nominal	1373
10065	sobrellevar	1373
10066	ultravioleta	1373
10067	inactivo	1372
10068	inventado	1372
10069	joyero	1372
10070	pique	1372
10071	resentirse	1372
10072	banal	1371
10073	grial	1371
10074	imperialismo	1371
10075	inimaginable	1371
10076	invicto	1371
10077	poro	1371
10078	enrollado	1370
10079	finito	1370
10080	impenetrable	1369
10081	reencuentro	1369
10082	remodelar	1369
10083	afectuoso	1368
10084	asedio	1368
10085	incomparable	1368
10086	liberalización	1368
10087	trufa	1368
10088	contestación	1367
10089	exonerar	1367
10090	apalear	1366
10091	escurridizo	1366
10092	exaltación	1366
10093	saltear	1366
10094	comensal	1365
10095	comitiva	1365
10096	exorcismo	1365
10097	incógnito	1365
10098	injerto	1365
10099	postizo	1365
10100	recabar	1365
10101	blasfemia	1364
10102	azulejo	1363
10103	emigración	1363
10104	estuche	1363
10105	huevón	1363
10106	intoxicar	1363
10107	narrativo	1363
10108	portafolio	1363
10109	rinoceronte	1363
10110	adición	1362
10111	hipnosis	1362
10112	narcisista	1362
10113	recaída	1362
10114	riña	1362
10115	á	1362
10116	ávido	1362
10117	silenciosamente	1361
10118	visibilidad	1361
10119	agachado	1360
10120	biliar	1360
10121	desconocimiento	1360
10122	tiza	1360
10123	carabinero	1359
10124	diurno	1359
10125	etiquetar	1359
10126	jadeo	1359
10127	pastoral	1359
10128	patrullero	1359
10129	hipódromo	1358
10130	jeque	1358
10131	mercante	1358
10132	yakuza	1358
10133	ceremonial	1357
10134	hispánico	1357
10135	industrialización	1357
10136	piratear	1357
10137	renovable	1357
10138	entorpecer	1356
10139	penúltimo	1356
10140	pichón	1356
10141	polilla	1356
10142	propulsión	1356
10143	acoplar	1355
10144	angustioso	1355
10145	súplica	1355
10146	anorexia	1354
10147	enchufe	1354
10148	horrorizado	1354
10149	ingestión	1354
10150	macarrones	1354
10151	sexi	1354
10152	cianuro	1353
10153	diócesis	1353
10154	frambuesa	1353
10155	exento	1352
10156	fierro	1352
10157	flipar	1352
10158	portería	1352
10159	registrador	1352
10160	venidero	1352
10161	columpio	1351
10162	incontrolable	1351
10163	disparatado	1350
10164	inequívoco	1350
10165	transversal	1349
10166	apegar	1348
10167	bucle	1348
10168	cabezota	1348
10169	microscópico	1348
10170	pronunciamiento	1348
10171	concilio	1347
10172	dársela	1347
10173	gladiador	1347
10174	inquisidor	1347
10175	kappa	1347
10176	aplazamiento	1345
10177	aseverar	1345
10178	básquetbol	1345
10179	diagonal	1345
10180	periódicamente	1345
10181	replantear	1345
10182	piar	1344
10183	tendón	1344
10184	Renfe	1343
10185	caparazón	1343
10186	encubrimiento	1343
10187	intencionado	1343
10188	irónicamente	1343
10189	olfatear	1343
10190	plomero	1343
10191	propagación	1343
10192	satelital	1343
10193	striptease	1343
10194	reciclaje	1342
10195	sensei	1342
10196	tableta	1342
10197	influjo	1341
10198	run	1341
10199	equidad	1340
10200	fobia	1340
10201	cochino	1339
10202	desacreditar	1339
10203	masajista	1339
10204	mutar	1339
10205	predominante	1339
10206	proletario	1339
10207	reconfortar	1339
10208	barajar	1338
10209	bloc	1338
10210	corrompido	1338
10211	crujir	1338
10212	lugareño	1338
10213	poseedor	1338
10214	barrote	1337
10215	conmemorativo	1337
10216	ilegítimo	1337
10217	panorámico	1337
10218	pesimismo	1337
10219	corcho	1336
10220	refinería	1336
10221	chili	1335
10222	comprimir	1335
10223	practicante	1335
10224	remuneración	1335
10225	risita	1335
10226	violinista	1335
10227	malditamente	1334
10228	profanar	1334
10229	fragmentar	1333
10230	negativamente	1333
10231	purgatorio	1333
10232	agravio	1332
10233	clonar	1332
10234	significante	1332
10235	escapatoria	1331
10236	heladera	1331
10237	maravillar	1331
10238	crespo	1330
10239	cuenco	1330
10240	igualado	1330
10241	melodrama	1330
10242	desenmascarar	1329
10243	dixie	1329
10244	encariñar	1329
10245	hámster	1329
10246	inconfundible	1329
10247	repollo	1329
10248	desbordado	1328
10249	desnudez	1328
10250	esquivo	1328
10251	frescura	1328
10252	instintivo	1328
10253	insatisfecho	1327
10254	mormón	1327
10255	neutralidad	1327
10256	surgimiento	1327
10257	confín	1326
10258	entrever	1326
10259	grupal	1326
10260	gástrico	1326
10261	londinense	1326
10262	lumbar	1326
10263	abominable	1325
10264	dandy	1325
10265	neurosis	1325
10266	vehicular	1325
10267	camuflaje	1324
10268	comprimido	1324
10269	hotelero	1324
10270	jockey	1324
10271	bayoneta	1323
10272	cinismo	1323
10273	copo	1323
10274	electricista	1323
10275	fideicomiso	1323
10276	incendiario	1323
10277	intromisión	1323
10278	tendido	1323
10279	conformación	1322
10280	crucigrama	1322
10281	tampón	1322
10282	ómnibus	1322
10283	alegremente	1321
10284	rejilla	1321
10285	absolución	1320
10286	calar	1320
10287	intuitivo	1320
10288	limbo	1320
10289	sirio	1320
10290	compartimiento	1319
10291	desleal	1319
10292	despojo	1319
10293	forajido	1319
10294	patraña	1319
10295	pornográfico	1319
10296	aclaración	1318
10297	bosnio	1318
10298	heavy	1318
10299	imputar	1318
10300	magnesio	1318
10301	mosquetero	1318
10302	pía	1318
10303	sectorial	1317
10304	soul	1317
10305	sífilis	1317
10306	destilar	1316
10307	relatividad	1316
10308	sonrojar	1316
10309	tirante	1316
10310	carnero	1315
10311	litigio	1315
10312	riquísimo	1315
10313	exceptuar	1314
10314	humedecer	1314
10315	puntiagudo	1314
10316	radiador	1314
10317	calculadora	1313
10318	mechero	1313
10319	paranormal	1313
10320	ámbar	1313
10321	CEO	1312
10322	capuchino	1312
10323	declive	1312
10324	patriarca	1312
10325	románico	1312
10326	superestrella	1312
10327	vualá	1312
10328	adoración	1310
10329	impulsor	1309
10330	madridista	1309
10331	restituir	1309
10332	aguacate	1308
10333	averiguación	1308
10334	comandancia	1308
10335	compinche	1308
10336	envoltorio	1308
10337	horda	1308
10338	proeza	1308
10339	ultimátum	1308
10340	argumentación	1307
10341	culminación	1307
10342	desocupado	1307
10343	talismán	1307
10344	antología	1306
10345	currículo	1306
10346	dibujante	1306
10347	filipino	1306
10348	fraudulento	1306
10349	propugnar	1306
10350	transeúnte	1306
10351	compuerta	1305
10352	adecuación	1304
10353	desván	1304
10354	enriquecimiento	1304
10355	hoz	1304
10356	paliar	1304
10357	progenitor	1304
10358	víveres	1304
10359	aneurisma	1303
10360	conjurar	1303
10361	crucificar	1303
10362	ermita	1303
10363	nutrido	1303
10364	bruma	1302
10365	deshonra	1302
10366	mirón	1302
10367	aplacar	1301
10368	bat	1301
10369	dogma	1301
10370	irrespetuoso	1301
10371	jardinería	1301
10372	living	1301
10373	mordedura	1301
10374	deleite	1300
10375	auriculares	1299
10376	incansable	1299
10377	latigazo	1299
10378	secuaz	1299
10379	taquicardia	1299
10380	velero	1299
10381	credo	1298
10382	encuadrar	1298
10383	prevalencia	1298
10384	agilidad	1297
10385	dilatar	1297
10386	paracaidista	1297
10387	parejo	1297
10388	reacio	1297
10389	vertiginoso	1297
10390	bibliografía	1296
10391	bu	1296
10392	camarógrafo	1296
10393	cronológico	1296
10394	posicionar	1296
10395	as	1295
10396	estirpe	1295
10397	petardo	1295
10398	raspar	1295
10399	tardanza	1295
10400	eminente	1294
10401	glamuroso	1294
10402	gravísimo	1294
10403	inculcar	1294
10404	pastelería	1294
10405	rotundamente	1294
10406	bioquímica	1293
10407	sermonear	1293
10408	compostura	1292
10409	irritable	1292
10410	ocaso	1292
10411	plenario	1292
10412	indiscreto	1291
10413	insaciable	1291
10414	multiplicación	1291
10415	resplandecer	1291
10416	tajada	1291
10417	aislante	1290
10418	bunker	1290
10419	factoría	1290
10420	fulana	1290
10421	ultrasonido	1290
10422	guiñar	1289
10423	hijastro	1289
10424	tedioso	1289
10425	fluctuación	1288
10426	repeler	1288
10427	swing	1288
10428	angular	1287
10429	garbanzo	1287
10430	intimidación	1287
10431	varilla	1287
10432	invalidar	1286
10433	licenciatura	1286
10434	operario	1286
10435	baya	1285
10436	contraloría	1285
10437	enrojecer	1285
10438	mouse	1285
10439	mástil	1285
10440	sauce	1285
10441	tino	1285
10442	vibrante	1285
10443	profano	1284
10444	rascacielos	1284
10445	separatista	1284
10446	asta	1283
10447	confiado	1283
10448	galope	1283
10449	grosería	1283
10450	hurto	1283
10451	car	1282
10452	casting	1281
10453	friki	1281
10454	coexistir	1280
10455	esporádico	1280
10456	improviso	1280
10457	reseñar	1280
10458	valeroso	1280
10459	descalzar	1279
10460	grosor	1279
10461	quemador	1278
10462	agobiado	1277
10463	fatalidad	1276
10464	imprudencia	1276
10465	regalito	1276
10466	sobriedad	1276
10467	alegación	1275
10468	anclado	1275
10469	dictaminar	1275
10470	endeudar	1275
10471	patronato	1275
10472	ventanal	1275
10473	amamantar	1274
10474	coacción	1274
10475	cordobés	1274
10476	escama	1274
10477	humeante	1274
10478	meridional	1274
10479	cuadrar	1273
10480	intrínseco	1273
10481	neblina	1273
10482	oceánico	1273
10483	ruiseñor	1273
10484	atlético	1272
10485	palpitar	1272
10486	procesal	1272
10487	colonización	1271
10488	desacato	1271
10489	militancia	1271
10490	proyector	1271
10491	avioneta	1270
10492	naciente	1270
10493	pasional	1270
10494	prime	1270
10495	surtir	1270
10496	botánico	1269
10497	hinchazón	1269
10498	lucio	1269
10499	saudí	1269
10500	seminario	1269
10501	afilar	1268
10502	castrense	1268
10503	colilla	1268
10504	desquitar	1268
10505	herradura	1268
10506	inferioridad	1268
10507	primogénito	1268
10508	reflexivo	1268
10509	angosto	1267
10510	antidroga	1267
10511	enclave	1267
10512	adular	1266
10513	malicia	1266
10514	interactivo	1265
10515	legar	1265
10516	resplandeciente	1265
10517	acotar	1264
10518	artificio	1264
10519	exterminio	1264
10520	mechón	1264
10521	obsequiar	1264
10522	sudadera	1264
10523	apaciguar	1263
10524	gallinero	1263
10525	turba	1263
10526	arraigar	1262
10527	detonación	1262
10528	emblemático	1262
10529	inhibidor	1262
10530	meteoro	1262
10531	reglamentación	1262
10532	telégrafo	1262
10533	englobar	1261
10534	simetría	1261
10535	subsistencia	1261
10536	básquet	1260
10537	detergente	1260
10538	sepultura	1260
10539	tajante	1260
10540	bolchevique	1259
10541	desprevenido	1259
10542	fichaje	1259
10543	fragilidad	1259
10544	riesgoso	1259
10545	desdén	1258
10546	designio	1258
10547	humar	1258
10548	proletariado	1258
10549	prostituir	1258
10550	gestar	1257
10551	preámbulo	1257
10552	ahumado	1256
10553	engullir	1256
10554	incentivar	1256
10555	tangible	1256
10556	cogido	1255
10557	cortesana	1255
10558	embalse	1255
10559	engrasar	1255
10560	moño	1255
10561	boina	1254
10562	contraponer	1254
10563	exclamación	1254
10564	jota	1254
10565	potestad	1254
10566	preciosidad	1254
10567	rúa	1254
10568	volátil	1254
10569	cautiverio	1253
10570	descortés	1253
10571	deserción	1253
10572	intrépido	1253
10573	tonalidad	1253
10574	descontrolado	1252
10575	naturalista	1252
10576	rayado	1252
10577	reñir	1252
10578	confesor	1251
10579	fastidioso	1251
10580	mucosa	1251
10581	rapto	1251
10582	ale	1250
10583	apropiación	1250
10584	balada	1250
10585	presumiblemente	1250
10586	restrictivo	1250
10587	tatuado	1250
10588	acallar	1249
10589	afroamericano	1249
10590	apogeo	1249
10591	grasiento	1249
10592	interamericano	1249
10593	sidra	1249
10594	solemnemente	1249
10595	autobiografía	1248
10596	concerniente	1248
10597	contramaestre	1248
10598	devaluación	1248
10599	escenografía	1248
10600	vanidoso	1248
10601	vesícula	1248
10602	desprovisto	1247
10603	imperar	1247
10604	inverosímil	1247
10605	visionario	1247
10606	adiestrar	1246
10607	edema	1246
10608	homólogo	1246
10609	incompetencia	1246
10610	mujerzuela	1246
10611	chupito	1245
10612	clandestinidad	1245
10613	tormentoso	1245
10614	ludo	1244
10615	alzado	1243
10616	apegado	1243
10617	codiciar	1243
10618	empatía	1243
10619	estandarte	1243
10620	quiosco	1243
10621	terrícola	1243
10622	abrupto	1242
10623	almunia	1242
10624	conjunción	1242
10625	estampar	1242
10626	grandísimo	1242
10627	veracidad	1242
10628	atesorar	1241
10629	descentralización	1241
10630	hundimiento	1241
10631	stock	1241
10632	ondear	1240
10633	socializar	1240
10634	arbitraje	1239
10635	colonizar	1239
10636	cuneta	1239
10637	ensanchar	1239
10638	enunciar	1239
10639	full	1239
10640	misteriosamente	1239
10641	nórdico	1239
10642	pesquisa	1239
10643	cantinero	1238
10644	carismático	1238
10645	despellejar	1238
10646	gastronómico	1238
10647	reconversión	1238
10648	tildar	1238
10649	cercar	1237
10650	diseminar	1237
10651	inerte	1237
10652	lenteja	1237
10653	necesitado	1237
10654	seiscientos	1237
10655	matricular	1236
10656	náutico	1236
10657	papeleta	1236
10658	poderío	1236
10659	premonición	1236
10660	reprender	1236
10661	salpicadura	1236
10662	senil	1236
10663	solicitante	1236
10664	vértice	1236
10665	fruncir	1235
10666	impuro	1235
10667	blanquito	1234
10668	empanada	1234
10669	neandertal	1234
10670	releer	1234
10671	glamur	1233
10672	pestañear	1233
10673	poseído	1233
10674	talar	1233
10675	austeridad	1232
10676	bañador	1232
10677	descriptivo	1232
10678	diafragma	1232
10679	diluvio	1232
10680	provinciano	1232
10681	éxodo	1232
10682	ímpetu	1232
10683	bipolar	1230
10684	cántaro	1229
10685	galardonar	1229
10686	gentileza	1229
10687	preservación	1229
10688	baza	1228
10689	heterogéneo	1228
10690	ligamento	1228
10691	mujercita	1228
10692	sepulcro	1228
10693	trinar	1228
10694	arcoíris	1227
10695	contencioso	1227
10696	fang	1227
10697	nicho	1227
10698	rudimentario	1227
10699	solidez	1227
10700	taburete	1227
10701	chupado	1226
10702	vocablo	1226
10703	cristalizar	1225
10704	polígono	1225
10705	retocar	1225
10706	bug	1224
10707	catolicismo	1224
10708	desalojo	1224
10709	destrozo	1224
10710	insolencia	1224
10711	rememorar	1224
10712	coito	1223
10713	lubricante	1223
10714	sicario	1223
10715	neuronal	1222
10716	trecho	1222
10717	desaprobar	1221
10718	impugnar	1220
10719	normalización	1220
10720	pacíficamente	1220
10721	prestamista	1220
10722	quimera	1220
10723	revolotear	1220
10724	boludo	1219
10725	álamo	1219
10726	dialecto	1218
10727	exponente	1218
10728	incurable	1218
10729	insultante	1218
10730	pt	1218
10731	purgar	1218
10732	zanjar	1218
10733	amorcito	1217
10734	cambiado	1217
10735	culebra	1217
10736	embestir	1217
10737	mamón	1217
10738	marchitar	1217
10739	sacro	1217
10740	tenista	1217
10741	desilusionar	1216
10742	cantábrico	1215
10743	falangista	1215
10744	motociclista	1215
10745	rugido	1214
10746	típicamente	1214
10747	crucifijo	1213
10748	patógeno	1213
10749	adinerado	1212
10750	errático	1212
10751	inalámbrico	1212
10752	teorema	1212
10753	deportación	1211
10754	depravado	1211
10755	distorsionar	1211
10756	vestidor	1211
10757	acuchillar	1210
10758	anidar	1210
10759	finlandés	1210
10760	furor	1210
10761	veta	1210
10762	capote	1209
10763	chivato	1209
10764	coto	1209
10765	lego	1209
10766	nicotina	1208
10767	totalitario	1208
10768	viceministro	1208
10769	nivelar	1207
10770	tontear	1207
10771	zapatista	1207
10772	anaranjado	1206
10773	sanguinario	1206
10774	desempacar	1205
10775	desquiciado	1205
10776	formativo	1205
10777	guillotina	1205
10778	auricular	1204
10779	bulldog	1204
10780	copar	1204
10781	diapositiva	1204
10782	masón	1204
10783	cetro	1203
10784	demo	1203
10785	democristiano	1203
10786	merecedor	1203
10787	trabado	1203
10788	calvario	1202
10789	descongelar	1202
10790	envoltura	1202
10791	intemperie	1202
10792	panteón	1202
10793	placebo	1202
10794	rábano	1202
10795	caserío	1201
10796	emprendedor	1201
10797	hidrocarburo	1201
10798	sollozo	1200
10799	veintitrés	1200
10800	árido	1200
10801	linfocito	1199
10802	lux	1199
10803	persuasión	1199
10804	charleston	1198
10805	parroquial	1198
10806	despistado	1197
10807	leñador	1197
10808	repugnar	1197
10809	predio	1196
10810	acidez	1195
10811	alcanzado	1195
10812	antipático	1195
10813	profe	1195
10814	reelegir	1195
10815	vaivén	1195
10816	condecoración	1194
10817	converger	1194
10818	accidentado	1193
10819	viril	1193
10820	achacar	1192
10821	cata	1192
10822	colado	1192
10823	epilepsia	1192
10824	febril	1192
10825	listillo	1192
10826	peleador	1192
10827	primate	1192
10828	quietud	1192
10829	satánico	1192
10830	equitativo	1191
10831	horriblemente	1191
10832	renegar	1191
10833	reverso	1191
10834	traído	1191
10835	camaleón	1190
10836	deforme	1190
10837	desfavorable	1190
10838	pródigo	1190
10839	vecinal	1190
10840	guardarropa	1189
10841	inaccesible	1189
10842	labrador	1189
10843	ternero	1189
10844	augurio	1188
10845	aullido	1188
10846	insurrección	1188
10847	ordeñar	1188
10848	bolsita	1187
10849	especulativo	1187
10850	marchito	1187
10851	mazmorra	1187
10852	potencialidad	1187
10853	coloquio	1186
10854	inflexible	1186
10855	metralleta	1186
10856	open	1186
10857	patrimonial	1186
10858	víscera	1186
10859	detrimento	1185
10860	difamación	1185
10861	tanga	1185
10862	foráneo	1184
10863	neural	1184
10864	travesti	1184
10865	veterinaria	1184
10866	austero	1183
10867	estupor	1183
10868	ortografía	1183
10869	trocear	1183
10870	anatómico	1182
10871	inferir	1182
10872	metralla	1182
10873	patrono	1182
10874	búlgaro	1181
10875	enjambre	1181
10876	estadísticamente	1181
10877	interfaz	1181
10878	subyacente	1181
10879	artillero	1180
10880	péndulo	1180
10881	póstumo	1180
10882	subvencionar	1180
10883	turbulento	1180
10884	yonqui	1180
10885	escasear	1179
10886	expo	1179
10887	ferretería	1179
10888	palabrota	1179
10889	psicológicamente	1179
10890	cesárea	1178
10891	distar	1178
10892	metamorfosis	1178
10893	LSD	1177
10894	deliberación	1177
10895	estancamiento	1177
10896	british	1176
10897	bucal	1176
10898	expansivo	1176
10899	gabardina	1176
10900	madriguera	1176
10901	menstruación	1176
10902	nato	1176
10903	encarnado	1174
10904	endeudamiento	1174
10905	explícitamente	1174
10906	fiasco	1174
10907	maduración	1174
10908	precavido	1174
10909	caritativo	1173
10910	catering	1173
10911	delegar	1173
10912	hernia	1173
10913	honradez	1173
10914	rebosar	1173
10915	arquetipo	1172
10916	avestruz	1172
10917	bizarro	1172
10918	cochecito	1172
10919	cojonudo	1172
10920	fecundo	1172
10921	habilitar	1172
10922	hincar	1172
10923	rapero	1172
10924	terminología	1172
10925	voltio	1172
10926	imperialista	1171
10927	pedalear	1171
10928	decadente	1170
10929	listón	1170
10930	severidad	1170
10931	solapa	1170
10932	tapete	1170
10933	trote	1170
10934	TC	1169
10935	añicos	1169
10936	inconscientemente	1169
10937	orégano	1169
10938	pirar	1169
10939	pluralidad	1169
10940	arcaico	1168
10941	doblemente	1168
10942	indagación	1168
10943	metano	1168
10944	culata	1167
10945	derivación	1167
10946	dispensar	1167
10947	microbio	1167
10948	reformado	1167
10949	simplicidad	1167
10950	deslizamiento	1166
10951	mísero	1166
10952	poni	1166
10953	triunfante	1166
10954	atracador	1165
10955	intrusión	1165
10956	replegar	1165
10957	tropiezo	1165
10958	éter	1165
10959	firmante	1164
10960	lupa	1164
10961	zambullir	1164
10962	clamor	1163
10963	incapacitado	1163
10964	pilotear	1163
10965	reembolso	1163
10966	excepcionalmente	1162
10967	inalcanzable	1162
10968	independentista	1162
10969	letrina	1162
10970	ringar	1162
10971	zeta	1162
10972	destierro	1161
10973	puzzle	1161
10974	rally	1161
10975	raqueta	1161
10976	caucho	1160
10977	friend	1160
10978	barbarie	1159
10979	conglomerado	1159
10980	cu	1159
10981	hawaiano	1159
10982	pompa	1159
10983	tranquilizador	1159
10984	aborrecer	1158
10985	desodorante	1158
10986	fisiología	1158
10987	horóscopo	1158
10988	constitutivo	1157
10989	evacuado	1157
10990	conmemoración	1156
10991	golondrina	1156
10992	liberador	1156
10993	oruga	1156
10994	pedestal	1156
10995	páncreas	1156
10996	aparear	1155
10997	auspiciar	1155
10998	austral	1155
10999	herejía	1155
11000	inusitado	1155
11001	malvavisco	1155
11002	regio	1155
11003	socavar	1155
11004	utópico	1155
11005	crucificado	1154
11006	losa	1154
11007	simbolismo	1154
11008	arrendamiento	1153
11009	aunar	1153
11010	fichado	1153
11011	halagador	1153
11012	loto	1153
11013	soneto	1153
11014	castidad	1152
11015	hojear	1152
11016	ineludible	1152
11017	musgo	1152
11018	reactivación	1152
11019	santificado	1152
11020	aberración	1151
11021	anfetamina	1151
11022	arrancado	1151
11023	atañer	1151
11024	boleta	1151
11025	rarito	1151
11026	renglón	1151
11027	trip	1151
11028	acobardar	1150
11029	augurar	1150
11030	baterista	1150
11031	dulcemente	1150
11032	educacional	1150
11033	naufragar	1150
11034	sorber	1150
11035	catéter	1149
11036	condimentar	1149
11037	copita	1149
11038	deidad	1149
11039	escrutinio	1149
11040	indestructible	1149
11041	lao	1149
11042	lejanía	1149
11043	localizador	1149
11044	merengue	1149
11045	puritano	1149
11046	risueño	1149
11047	sobar	1149
11048	surcar	1149
11049	turbar	1149
11050	amplificador	1148
11051	arcángel	1148
11052	calentito	1148
11053	chalado	1148
11054	encriptar	1148
11055	inaudito	1148
11056	mitigar	1148
11057	pacificar	1148
11058	cubículo	1147
11059	discordia	1147
11060	machista	1147
11061	perceptivo	1147
11062	adquisitivo	1146
11063	electrodoméstico	1146
11064	galante	1146
11065	transnacional	1146
11066	biberón	1145
11067	colecta	1145
11068	descomunal	1145
11069	abarrotado	1144
11070	afligir	1144
11071	desolación	1144
11072	distorsionado	1144
11073	extrañeza	1144
11074	lavadero	1144
11075	psicoanalista	1144
11076	sarpullido	1144
11077	transportista	1144
11078	aprehender	1143
11079	aquejar	1143
11080	cutáneo	1143
11081	desnutrición	1143
11082	estribar	1143
11083	etnia	1143
11084	exterminador	1143
11085	pe	1143
11086	sensualidad	1143
11087	ventajoso	1143
11088	irreparable	1142
11089	paternal	1142
11090	quisquilloso	1142
11091	retablo	1142
11092	acusador	1141
11093	arrastrado	1141
11094	chillón	1141
11095	facturar	1141
11096	nabo	1141
11097	sustantivo	1141
11098	cabezón	1140
11099	derrochar	1140
11100	espora	1140
11101	vacilación	1139
11102	arrugar	1138
11103	contrapartida	1138
11104	decantar	1138
11105	embolsar	1138
11106	mirador	1138
11107	noticiario	1138
11108	papal	1138
11109	tita	1138
11110	esbelto	1137
11111	marga	1137
11112	concubino	1136
11113	desnudista	1136
11114	incrédulo	1136
11115	obviar	1136
11116	trampolín	1136
11117	ucraniano	1136
11118	cáliz	1135
11119	goteo	1135
11120	leu	1135
11121	pajar	1135
11122	enlatado	1134
11123	escaneo	1134
11124	manjar	1134
11125	pela	1134
11126	voleibol	1134
11127	consumar	1133
11128	desmesurado	1133
11129	irrefutable	1133
11130	barracón	1132
11131	interpuesto	1132
11132	purga	1132
11133	tentáculo	1132
11134	IES	1131
11135	espermatozoide	1131
11136	goleador	1131
11137	minusválido	1131
11138	norteño	1131
11139	galopar	1130
11140	mole	1130
11141	paralítico	1130
11142	tocado	1130
11143	alquimista	1129
11144	fielmente	1129
11145	laceración	1129
11146	salvamento	1129
11147	contrincante	1128
11148	legumbre	1128
11149	prado	1128
11150	subsuelo	1128
11151	consecuentemente	1127
11152	cordero	1127
11153	estrujar	1127
11154	hervido	1127
11155	primicia	1127
11156	racimo	1127
11157	ayo	1126
11158	generalización	1126
11159	predilecto	1126
11160	vuelco	1126
11161	cuestionable	1125
11162	girasol	1125
11163	loquero	1125
11164	nitrato	1125
11165	vistoso	1125
11166	clarificar	1124
11167	estabilización	1124
11168	igualito	1124
11169	subversión	1124
11170	tartamudear	1124
11171	veintena	1124
11172	caligrafía	1123
11173	descontrolar	1123
11174	magacín	1123
11175	DNA	1122
11176	masturbación	1122
11177	perfeccionamiento	1122
11178	purificación	1122
11179	qui	1121
11180	aplazado	1120
11181	cebada	1120
11182	empero	1120
11183	encía	1120
11184	esquimal	1120
11185	eufemismo	1120
11186	indulgente	1120
11187	PET	1119
11188	amordazar	1119
11189	ciar	1119
11190	cisco	1119
11191	secadora	1119
11192	somnífero	1119
11193	testosterona	1119
11194	asimilación	1118
11195	emplazar	1118
11196	epidemiológico	1118
11197	inflexión	1118
11198	amplificar	1117
11199	desaprovechar	1117
11200	hablador	1117
11201	hardware	1117
11202	mongol	1117
11203	campanada	1116
11204	presuntuoso	1116
11205	reticencia	1116
11206	suertudo	1116
11207	tallado	1116
11208	catre	1115
11209	inútilmente	1115
11210	narco	1115
11211	olé	1115
11212	sociópata	1115
11213	sombrilla	1115
11214	wa	1115
11215	cornudo	1114
11216	insurgente	1114
11217	pontífice	1114
11218	provocativo	1114
11219	cédula	1113
11220	disimulado	1113
11221	face	1113
11222	larguísimo	1113
11223	link	1113
11224	pampa	1113
11225	rebobinar	1113
11226	silicona	1113
11227	auditor	1112
11228	crispar	1112
11229	embriaguez	1112
11230	humildemente	1112
11231	inagotable	1112
11232	burdo	1111
11233	fresno	1111
11234	guaraní	1111
11235	hiena	1111
11236	hipopótamo	1111
11237	ranura	1111
11238	regocijar	1111
11239	titubear	1111
11240	osadía	1110
11241	reagrupar	1110
11242	eufórico	1109
11243	giratorio	1109
11244	percusión	1109
11245	portaaviones	1109
11246	autenticar	1108
11247	pulpa	1108
11248	armonizar	1107
11249	futbolístico	1107
11250	generosamente	1107
11251	implementación	1107
11252	oscilación	1107
11253	reproductivo	1107
11254	artilugio	1106
11255	email	1106
11256	masajear	1106
11257	meca	1106
11258	repetitivo	1106
11259	reñido	1106
11260	acepción	1105
11261	anómalo	1105
11262	desvergonzado	1105
11263	momentáneo	1105
11264	turbina	1105
11265	ahondar	1104
11266	barniz	1104
11267	complaciente	1104
11268	costurero	1104
11269	irrupción	1104
11270	portazo	1104
11271	atípico	1103
11272	despacito	1103
11273	fetiche	1103
11274	mota	1103
11275	paulatino	1103
11276	pija	1103
11277	rotar	1103
11278	sendo	1103
11279	break	1102
11280	carey	1102
11281	cántico	1102
11282	dardo	1102
11283	estratega	1102
11284	anteproyecto	1101
11285	embutido	1101
11286	encogido	1101
11287	solventar	1101
11288	versus	1101
11289	asediar	1100
11290	cobija	1099
11291	holding	1099
11292	juguetear	1099
11293	minuciosamente	1099
11294	receptivo	1099
11295	semblante	1099
11296	anunciante	1098
11297	luminosidad	1098
11298	analfabeto	1097
11299	anteponer	1097
11300	cantón	1097
11301	derramamiento	1097
11302	milenario	1097
11303	vid	1097
11304	achicar	1096
11305	afeminado	1096
11306	domo	1096
11307	eclipsar	1096
11308	interpretativo	1096
11309	presuponer	1096
11310	seriar	1096
11311	encina	1095
11312	estresar	1095
11313	hidrato	1095
11314	ofertar	1095
11315	petrolífero	1095
11316	tenacidad	1095
11317	importador	1094
11318	magro	1094
11319	pesticida	1094
11320	quimio	1094
11321	surfista	1094
11322	surrealismo	1094
11323	vasallo	1094
11324	acordeón	1093
11325	amortiguar	1093
11326	calórico	1093
11327	filtrado	1093
11328	trotar	1093
11329	apodar	1092
11330	cuestionamiento	1092
11331	teólogo	1092
11332	alarmado	1091
11333	anfibio	1091
11334	coreógrafo	1091
11335	ermitaño	1091
11336	escueto	1091
11337	felino	1091
11338	maniático	1091
11339	oleaje	1091
11340	a sabiendas	1090
11341	democratización	1090
11342	enjaular	1090
11343	horrorizar	1090
11344	petrificar	1090
11345	prefectura	1090
11346	rebanar	1090
11347	rehuir	1090
11348	aerosol	1089
11349	circunferencia	1089
11350	coincidente	1089
11351	putita	1089
11352	despecho	1088
11353	lacrimógeno	1088
11354	liquidez	1088
11355	rectangular	1088
11356	reorganización	1088
11357	fortuito	1087
11358	plutonio	1087
11359	sandwiche	1087
11360	expropiación	1086
11361	manco	1086
11362	seguidamente	1086
11363	centrista	1085
11364	chismoso	1085
11365	extraoficialmente	1085
11366	placenta	1085
11367	ps	1085
11368	sarampión	1085
11369	sopesar	1085
11370	gruta	1084
11371	mateo	1084
11372	resguardo	1084
11373	sorpresivo	1084
11374	temporizador	1084
11375	alcantarillado	1083
11376	circundante	1083
11377	incalculable	1083
11378	justiciero	1083
11379	moderar	1083
11380	pericia	1083
11381	egocéntrico	1082
11382	estomacal	1082
11383	evocación	1082
11384	paparazzi	1082
11385	baldosa	1081
11386	cotejar	1081
11387	decorador	1081
11388	firmamento	1081
11389	hogareño	1081
11390	perrera	1081
11391	perseguidor	1081
11392	puntada	1081
11393	quark	1081
11394	aristocrático	1080
11395	desdeñar	1080
11396	dirigencia	1080
11397	erguir	1080
11398	indiscriminado	1080
11399	oligarquía	1080
11400	penicilina	1080
11401	pita	1080
11402	predisposición	1080
11403	sénior	1080
11404	tramitación	1080
11405	antígeno	1079
11406	envidioso	1079
11407	estrofa	1079
11408	estéreo	1079
11409	manzanar	1079
11410	resfriar	1079
11411	retumbar	1079
11412	simétrico	1079
11413	aligerar	1078
11414	augusto	1078
11415	resina	1078
11416	subdesarrollado	1078
11417	sustrato	1078
11418	desprendimiento	1077
11419	divergencia	1077
11420	emparentado	1076
11421	hipotéticamente	1076
11422	inexperto	1076
11423	radiodifusión	1076
11424	repisa	1076
11425	rublo	1076
11426	sonata	1076
11427	gravitacional	1075
11428	hacendado	1075
11429	interpersonal	1075
11430	lanzadera	1075
11431	ojito	1075
11432	transgresión	1075
11433	traumatizado	1075
11434	albedrío	1074
11435	apreciable	1074
11436	exención	1074
11437	largometraje	1074
11438	tostadora	1074
11439	abultado	1073
11440	armenio	1073
11441	avistar	1073
11442	endulzar	1073
11443	amañar	1072
11444	patito	1072
11445	regidor	1072
11446	remarcar	1072
11447	subalterno	1072
11448	suculento	1072
11449	desequilibrado	1071
11450	nado	1071
11451	penuria	1071
11452	cabecita	1070
11453	carretilla	1070
11454	codorniz	1070
11455	escarlata	1070
11456	infestar	1070
11457	aritmética	1069
11458	basílica	1069
11459	ceñido	1069
11460	contraataque	1069
11461	dilatación	1069
11462	gremial	1069
11463	regocijo	1069
11464	sobrante	1069
11465	toga	1069
11466	binario	1068
11467	diván	1068
11468	novicio	1068
11469	pileta	1068
11470	piquete	1068
11471	primar	1068
11472	sociable	1068
11473	tardo	1068
11474	trasfondo	1068
11475	borrón	1067
11476	chile	1067
11477	safari	1067
11478	chocante	1066
11479	estupefaciente	1066
11480	imperfección	1066
11481	ochocientos	1066
11482	supernova	1066
11483	intolerante	1065
11484	intubar	1065
11485	vandalismo	1065
11486	viscoso	1065
11487	extinto	1064
11488	cuco	1063
11489	distensión	1063
11490	empinado	1063
11491	feudal	1063
11492	garrote	1063
11493	mijo	1063
11494	modular	1063
11495	aeródromo	1062
11496	apenar	1062
11497	chillido	1062
11498	currar	1062
11499	guantero	1062
11500	linear	1062
11501	manufactura	1062
11502	mendigar	1062
11503	net	1062
11504	platónico	1062
11505	textual	1062
11506	carcelario	1061
11507	cofradía	1061
11508	fructífero	1061
11509	gaceta	1061
11510	gastronomía	1061
11511	calificativo	1060
11512	encapuchado	1060
11513	entramado	1060
11514	eureka	1060
11515	juguetón	1060
11516	oficialista	1060
11517	orco	1060
11518	pasividad	1060
11519	punzante	1060
11520	toto	1060
11521	autovía	1059
11522	espontaneidad	1059
11523	fotograma	1059
11524	gendarme	1059
11525	geólogo	1059
11526	pómulo	1059
11527	docencia	1058
11528	ejecutor	1058
11529	insuperable	1058
11530	laborar	1058
11531	dislocar	1057
11532	ducado	1057
11533	fluidez	1057
11534	teológico	1057
11535	vulnerar	1057
11536	búrguer	1056
11537	cambiario	1056
11538	cercado	1056
11539	cúspide	1056
11540	incompatibilidad	1056
11541	indignante	1056
11542	instruido	1056
11543	rectángulo	1056
11544	sexista	1056
11545	toxicológico	1056
11546	trasplantar	1056
11547	aflicción	1055
11548	espantapájaros	1055
11549	sensatez	1055
11550	cuantioso	1054
11551	dormilón	1054
11552	solemnidad	1054
11553	campestre	1053
11554	mutilar	1053
11555	palmo	1053
11556	anís	1052
11557	asear	1052
11558	atizar	1052
11559	confluir	1052
11560	greco	1052
11561	quilate	1052
11562	séquito	1052
11563	vicepresidencia	1052
11564	campanario	1051
11565	cornisa	1051
11566	cromo	1051
11567	folla	1051
11568	pueblerino	1051
11569	superfluo	1051
11570	tácito	1051
11571	umbilical	1051
11572	aspar	1050
11573	barandilla	1050
11574	bicarbonato	1050
11575	distanciamiento	1050
11576	enfriamiento	1050
11577	jazmín	1050
11578	objetivamente	1050
11579	premier	1050
11580	remojar	1050
11581	erotismo	1049
11582	intencionalmente	1049
11583	realzar	1049
11584	segregar	1049
11585	tontito	1049
11586	vacunación	1049
11587	airear	1048
11588	brócoli	1048
11589	devotar	1048
11590	padecimiento	1048
11591	pluralismo	1048
11592	tripulado	1048
11593	Valium	1047
11594	acueducto	1047
11595	apostador	1047
11596	fémur	1047
11597	inmiscuirse	1047
11598	pechuga	1047
11599	represa	1047
11600	cundir	1046
11601	fonda	1046
11602	mortífero	1046
11603	horquilla	1045
11604	izquierdista	1045
11605	negociable	1045
11606	paleto	1045
11607	paria	1045
11608	perspicaz	1045
11609	semi	1045
11610	tridimensional	1045
11611	escalinata	1044
11612	injustificado	1044
11613	confinamiento	1043
11614	colcha	1042
11615	estampilla	1042
11616	estigma	1042
11617	habilitado	1042
11618	natalidad	1042
11619	scooter	1042
11620	veraniego	1042
11621	camuflado	1041
11622	féretro	1041
11623	renombre	1041
11624	superiora	1041
11625	escribano	1040
11626	nadal	1040
11627	recopilación	1040
11628	acribillar	1039
11629	vencimiento	1039
11630	clímax	1038
11631	de reojo	1038
11632	denominador	1038
11633	estilista	1038
11634	ferrar	1038
11635	geógrafo	1038
11636	instituir	1038
11637	momentáneamente	1038
11638	tendero	1038
11639	especificidad	1037
11640	injuria	1037
11641	librero	1037
11642	logrado	1037
11643	montículo	1037
11644	puchero	1037
11645	tantear	1037
11646	voltaje	1037
11647	chacal	1036
11648	deshidratación	1036
11649	encuestado	1036
11650	kan	1036
11651	adivinanza	1035
11652	cannabis	1035
11653	certidumbre	1035
11654	oval	1035
11655	proliferar	1035
11656	supremacía	1035
11657	archiduque	1034
11658	cotilleo	1034
11659	escatimar	1034
11660	espiritualidad	1034
11661	imperceptible	1034
11662	remisión	1034
11663	talle	1034
11664	avistamiento	1033
11665	estructurar	1033
11666	náufrago	1033
11667	parco	1033
11668	tenencia	1033
11669	titularidad	1033
11670	treta	1033
11671	alarido	1032
11672	dorso	1032
11673	hostal	1032
11674	mediocridad	1032
11675	monada	1032
11676	ERC	1031
11677	aversión	1031
11678	brevedad	1031
11679	chal	1031
11680	cuajar	1031
11681	desesperanza	1031
11682	hambruna	1031
11683	jerárquico	1031
11684	vítor	1031
11685	deshidratado	1030
11686	exentar	1030
11687	magistratura	1030
11688	abominación	1029
11689	desproporcionado	1029
11690	estribillo	1029
11691	extorsionar	1029
11692	yuki	1029
11693	dietética	1028
11694	elíxir	1028
11695	infamia	1028
11696	laborioso	1028
11697	abrasar	1027
11698	ahijado	1027
11699	altibajo	1027
11700	candente	1027
11701	clavícula	1027
11702	penitenciaría	1027
11703	pregonar	1027
11704	puntero	1027
11705	ramita	1027
11706	razonablemente	1027
11707	desestabilizar	1026
11708	preferente	1026
11709	saudita	1026
11710	corneta	1025
11711	cortesano	1025
11712	rehogar	1025
11713	reintegrar	1025
11714	adyacente	1024
11715	amapola	1024
11716	ininterrumpido	1024
11717	porra	1024
11718	sic	1024
11719	termal	1024
11720	verruga	1024
11721	autodefensa	1023
11722	cableado	1023
11723	geología	1023
11724	perjurio	1023
11725	silo	1023
11726	sísmico	1023
11727	ameno	1022
11728	caracterización	1022
11729	corso	1022
11730	cuantificar	1022
11731	habanero	1022
11732	icónico	1022
11733	imperioso	1022
11734	n.	1022
11735	orbital	1022
11736	perplejidad	1022
11737	cauto	1021
11738	limar	1021
11739	antiguamente	1020
11740	detestable	1020
11741	divagar	1020
11742	estorbo	1020
11743	fluvial	1020
11744	milagrosamente	1020
11745	recolector	1020
11746	empaque	1019
11747	ligereza	1019
11748	sketch	1019
11749	capilar	1018
11750	hipotecar	1018
11751	infiltración	1018
11752	lejía	1018
11753	reinventar	1018
11754	trastornar	1018
11755	álgebra	1018
11756	canica	1017
11757	feminismo	1017
11758	imaginable	1017
11759	neoliberal	1017
11760	desdicha	1016
11761	institucionalizar	1016
11762	lapicera	1016
11763	altivo	1015
11764	bambi	1015
11765	bisexual	1015
11766	chorrear	1015
11767	encomienda	1015
11768	fornicar	1015
11769	lavanda	1015
11770	sobrado	1015
11771	medidor	1014
11772	pizzería	1014
11773	circulatorio	1013
11774	crecida	1013
11775	internacionalmente	1013
11776	puntualmente	1013
11777	ruborizar	1013
11778	salvaguardar	1013
11779	alumbrado	1012
11780	arado	1012
11781	asequible	1012
11782	comodoro	1012
11783	melodramático	1012
11784	pediatría	1012
11785	sugestivo	1012
11786	eunuco	1011
11787	evangélico	1011
11788	golpiza	1011
11789	haba	1011
11790	o sea	1011
11791	socorrer	1011
11792	baratija	1010
11793	bis	1010
11794	touchdown	1010
11795	animalito	1009
11796	infundado	1009
11797	ingeniar	1009
11798	subastar	1009
11799	tulipán	1009
11800	autodeterminación	1008
11801	legionario	1008
11802	mermar	1008
11803	refrigeración	1008
11804	barcaza	1007
11805	indeterminado	1007
11806	inducción	1007
11807	napolitano	1007
11808	party	1007
11809	púbico	1007
11810	ropero	1007
11811	rumba	1007
11812	ELA	1006
11813	alquimia	1006
11814	arribo	1006
11815	coliflor	1006
11816	estupefacto	1006
11817	exhortar	1006
11818	lindar	1006
11819	maniobrar	1006
11820	perceptible	1006
11821	predisponer	1006
11822	antropológico	1005
11823	farola	1005
11824	insular	1005
11825	respetuosamente	1005
11826	suspense	1005
11827	íntegramente	1005
11828	ítem	1005
11829	anchoa	1004
11830	diestra	1004
11831	forro	1004
11832	laso	1004
11833	praxis	1004
11834	tocadiscos	1004
11835	ulterior	1004
11836	hebilla	1003
11837	nudista	1003
11838	sobrenombre	1003
11839	tofu	1003
11840	transpirar	1003
11841	airado	1002
11842	bobina	1002
11843	consumido	1002
11844	defecar	1002
11845	deplorable	1002
11846	saltador	1002
11847	evasivo	1001
11848	florero	1001
11849	funk	1001
11850	helecho	1001
11851	miedoso	1001
11852	aorta	1000
11853	asolar	1000
11854	blandir	1000
11855	caucásico	1000
11856	ciénaga	1000
11857	desintegración	1000
11858	egresado	1000
11859	foral	1000
11860	paramilitar	1000
11861	tibetano	1000
11862	adictivo	999
11863	bombo	999
11864	eminentemente	999
11865	indulgencia	999
11866	palpable	999
11867	reflector	999
11868	arenque	998
11869	arsénico	998
11870	desparramar	998
11871	fermentación	998
11872	percance	998
11873	autodestrucción	997
11874	llavero	997
11875	planilla	997
11876	sincronizar	997
11877	afiche	996
11878	bazar	996
11879	chef	996
11880	desenfrenado	996
11881	desobediencia	996
11882	inepto	996
11883	veneciano	996
11884	SMS	995
11885	astrología	995
11886	cerebrito	995
11887	cremar	995
11888	entreabierto	995
11889	oxigenar	995
11890	peripecia	995
11891	poblacional	995
11892	acrobacia	994
11893	chusma	994
11894	portillo	994
11895	voraz	994
11896	casona	993
11897	interrelación	993
11898	boliche	992
11899	carnoso	992
11900	convertible	992
11901	frenesí	992
11902	orbe	992
11903	papilla	992
11904	problemita	992
11905	viagra	992
11906	agilizar	991
11907	ciudadela	991
11908	correría	991
11909	derogar	991
11910	kurdo	991
11911	tumulto	991
11912	impasible	990
11913	presidio	990
11914	pulverizar	990
11915	televidente	990
11916	desconsiderado	989
11917	enrolar	989
11918	oloroso	989
11919	tanda	989
11920	vidriera	989
11921	antiaéreo	988
11922	deliberar	988
11923	desliz	988
11924	fáser	988
11925	insostenible	988
11926	mejillón	988
11927	patentar	988
11928	reclusión	988
11929	ton	988
11930	tutear	988
11931	espacioso	987
11932	marginación	987
11933	sinagoga	987
11934	vitro	987
11935	azulado	986
11936	barbería	986
11937	colegiado	986
11938	maloliente	986
11939	mega	986
11940	mugriento	986
11941	refractario	986
11942	derrotado	985
11943	investidura	985
11944	mili	985
11945	provechoso	985
11946	quincena	985
11947	arbolar	984
11948	verdoso	984
11949	corsé	983
11950	pardo	983
11951	babosa	982
11952	bandada	982
11953	bonificación	982
11954	desalmado	982
11955	follaje	982
11956	mitológico	982
11957	yodo	982
11958	amoniaco	981
11959	conciliación	981
11960	fragata	981
11961	insecticida	981
11962	mecedora	981
11963	rejuvenecer	981
11964	termita	981
11965	ciclón	980
11966	derramado	980
11967	indispuesto	980
11968	laxante	980
11969	lúgubre	980
11970	triza	980
11971	turnar	980
11972	desentrañar	979
11973	fantasmal	979
11974	logia	979
11975	mortificar	979
11976	partícipe	979
11977	todoterreno	979
11978	concordia	978
11979	cortante	978
11980	descafeinado	978
11981	misiva	978
11982	ralentizar	978
11983	reconocible	978
11984	riel	978
11985	samba	978
11986	sedimento	978
11987	sofocado	978
11988	visor	978
11989	aplastante	977
11990	encantamiento	977
11991	esperanzado	977
11992	inquirir	977
11993	waffle	977
11994	atrevimiento	976
11995	clarinete	976
11996	interceder	976
11997	metódico	976
11998	novecientos	976
11999	sobrevalorado	976
12000	varonil	976
12001	rambla	975
12002	becario	974
12003	corretear	974
12004	entrelazado	974
12005	fragmentación	974
12006	garabato	974
12007	jornalero	974
12008	vanguardista	974
12009	adepto	973
12010	alubia	973
12011	cala	973
12012	columnista	973
12013	consensuar	973
12014	despectivo	973
12015	peronista	973
12016	plausible	973
12017	risco	973
12018	diversificación	972
12019	intrincado	972
12020	manitas	972
12021	nulidad	972
12022	respirador	972
12023	ungüento	972
12024	veintisiete	972
12025	céntrico	971
12026	endógeno	971
12027	laca	971
12028	paella	971
12029	abusador	970
12030	aderezo	970
12031	anudar	970
12032	bacteriano	970
12033	conejillo	970
12034	fanfarrón	970
12035	flagrante	970
12036	puntualidad	970
12037	ras	970
12038	romulano	970
12039	brillantez	969
12040	donativo	969
12041	escasamente	969
12042	esférico	969
12043	ocurrido	969
12044	preescolar	969
12045	remunerar	969
12046	retenida	969
12047	sensiblemente	969
12048	suplementario	969
12049	canoso	968
12050	excluyente	968
12051	lic	968
12052	barbudo	967
12053	circunscribir	967
12054	destacable	967
12055	pagarla	967
12056	subsidiario	967
12057	aeronáutica	966
12058	explicativo	966
12059	falsificador	966
12060	florín	966
12061	jarro	966
12062	maleante	966
12063	malherir	966
12064	monedero	966
12065	sigilo	966
12066	sosiego	966
12067	suplantar	966
12068	verosímil	966
12069	atontado	965
12070	costal	965
12071	droide	965
12072	inframundo	965
12073	sabiamente	965
12074	solvente	965
12075	tensar	965
12076	titulación	965
12077	clonación	964
12078	desmedido	964
12079	extremeño	964
12080	funcionalidad	964
12081	gratuitamente	964
12082	maría	964
12083	pavor	964
12084	ínfimo	964
12085	empecinado	963
12086	matrona	963
12087	crediticio	962
12088	ineficaz	962
12089	operacional	962
12090	feligrés	961
12091	recibimiento	961
12092	visceral	961
12093	abordaje	960
12094	bachiller	960
12095	conscientemente	960
12096	paralelismo	960
12097	pintalabios	960
12098	resoplar	960
12099	voluminoso	960
12100	alcachofa	959
12101	andante	959
12102	desgarro	959
12103	parábola	959
12104	planeamiento	959
12105	secador	959
12106	urbe	959
12107	acreditación	958
12108	aglutinar	958
12109	ilusionado	958
12110	patinador	958
12111	pecera	958
12112	pescuezo	958
12113	sigiloso	958
12114	venerable	958
12115	vespertino	958
12116	noviazgo	957
12117	pincelada	957
12118	postor	957
12119	caducar	956
12120	completado	956
12121	grime	956
12122	guion	956
12123	hiedra	956
12124	rebuscar	956
12125	urdir	956
12126	visón	956
12127	armonioso	955
12128	cabezazo	955
12129	inutilizar	955
12130	monitorizar	955
12131	sindicalismo	955
12132	vacuno	955
12133	copla	954
12134	desentenderse	954
12135	inmensamente	954
12136	pudín	954
12137	alborotar	953
12138	descendente	953
12139	encarcelamiento	953
12140	follón	953
12141	funesto	953
12142	reestructurar	953
12143	vigía	953
12144	abasto	952
12145	arrendar	952
12146	botánica	952
12147	impetuoso	952
12148	indescriptible	952
12149	trabajito	952
12150	budismo	951
12151	enjuagar	951
12152	hipnótico	951
12153	incesto	951
12154	requisar	951
12155	ARN	950
12156	apellidar	950
12157	artimaña	950
12158	bóxer	950
12159	cinematografía	950
12160	clarísimo	950
12161	consolador	950
12162	encauzar	950
12163	gravitatorio	950
12164	pomada	950
12165	rosca	950
12166	sintomatología	950
12167	eficazmente	949
12168	erizo	949
12169	flexionar	949
12170	idealismo	949
12171	prelado	949
12172	retrovisor	949
12173	antesala	948
12174	asiduo	948
12175	curricular	948
12176	enemistad	948
12177	excusado	948
12178	fermentar	948
12179	lavada	948
12180	ninfa	948
12181	piñata	948
12182	prerrogativa	948
12183	simposio	948
12184	chic	947
12185	comanche	947
12186	individualizar	947
12187	malversación	947
12188	pantorrilla	947
12189	personificar	947
12190	profesionalidad	947
12191	reinserción	947
12192	spider	947
12193	yugo	947
12194	acoplamiento	946
12195	artífice	946
12196	borrado	946
12197	cholo	946
12198	ciegamente	946
12199	degustar	946
12200	samaritano	946
12201	claxon	945
12202	cíclico	945
12203	guardabosques	945
12204	kimono	945
12205	metafórico	945
12206	pacientemente	945
12207	socialización	945
12208	bancada	944
12209	carnívoro	944
12210	desencanto	944
12211	gatear	944
12212	insumos	944
12213	internamente	944
12214	afluencia	943
12215	fardo	943
12216	tico	943
12217	tónico	943
12218	autista	942
12219	bálsamo	942
12220	miliciano	942
12221	nerd	942
12222	polígrafo	942
12223	arnés	941
12224	malformación	941
12225	molusco	941
12226	tsunami	941
12227	decoro	940
12228	embrague	940
12229	estornudo	940
12230	motorista	940
12231	perilla	940
12232	pulsación	940
12233	arancelario	939
12234	desenfundar	939
12235	moraleja	939
12236	quarterback	939
12237	acampada	938
12238	inmutable	938
12239	usurpar	938
12240	ventricular	938
12241	crujido	937
12242	forzosamente	937
12243	glorificar	937
12244	hacedor	937
12245	hard	937
12246	perseverancia	937
12247	poniente	937
12248	ronquido	937
12249	asomo	936
12250	bateo	936
12251	cabelludo	936
12252	derroche	936
12253	elle	936
12254	moscar	936
12255	single	936
12256	subjefe	936
12257	transformador	936
12258	biotecnología	935
12259	budín	935
12260	debutante	935
12261	espadachín	935
12262	mundialmente	935
12263	opcional	935
12264	sudoeste	935
12265	texano	935
12266	boutique	934
12267	coqueteo	934
12268	frivolidad	934
12269	igualitario	934
12270	impar	934
12271	mistral	934
12272	ratificación	934
12273	chakra	933
12274	cuadrilátero	933
12275	numerito	933
12276	pitón	933
12277	ruin	933
12278	tesorería	933
12279	aleación	932
12280	cebar	932
12281	innecesariamente	932
12282	pórtico	932
12283	superpoder	932
12284	apostólico	931
12285	eventualidad	931
12286	fundición	931
12287	guardacostas	931
12288	hebra	931
12289	pomposo	931
12290	alimaña	930
12291	asistido	930
12292	cabronazo	930
12293	carrete	930
12294	infortunio	930
12295	institutriz	930
12296	nitidez	930
12297	redoblar	930
12298	retoque	930
12299	sitiar	930
12300	vándalo	930
12301	zelda	930
12302	afrenta	929
12303	alisar	929
12304	desatender	929
12305	indicativo	929
12306	pasmado	929
12307	sari	929
12308	sofocante	929
12309	abrigado	928
12310	bb	928
12311	fisco	928
12312	piratería	928
12313	quejido	928
12314	antisocial	927
12315	bostezar	927
12316	cartelera	927
12317	recapacitar	927
12318	rótulo	927
12319	aledaño	926
12320	colmado	926
12321	confederado	926
12322	hospicio	926
12323	vulgaridad	926
12324	alita	925
12325	cronología	925
12326	desgarrador	925
12327	epiléptico	925
12328	mutilación	925
12329	patólogo	925
12330	rene	925
12331	consultivo	924
12332	culito	924
12333	discernir	924
12334	fiambre	924
12335	gluten	924
12336	pegatina	924
12337	posteridad	924
12338	reajuste	924
12339	anchura	923
12340	carpintería	923
12341	escalador	922
12342	filarmónica	922
12343	inmutar	922
12344	mausoleo	922
12345	pincho	922
12346	virilidad	922
12347	amortización	921
12348	entredicho	921
12349	fanatismo	921
12350	geisha	921
12351	irresponsabilidad	921
12352	pitillo	921
12353	agudeza	920
12354	esponjoso	920
12355	pacificación	920
12356	baboso	919
12357	nacionalizar	919
12358	ostentoso	919
12359	pormenor	919
12360	rotativo	919
12361	trust	919
12362	cerciorar	918
12363	chinche	918
12364	depuración	918
12365	lúdico	918
12366	manualmente	918
12367	subjetividad	918
12368	tabique	918
12369	bilis	917
12370	fulminante	917
12371	lagrimar	917
12372	lascivo	917
12373	tortuoso	917
12374	versículo	917
12375	cosaco	916
12376	descarrilar	916
12377	estamento	916
12378	hegemónico	916
12379	lícito	916
12380	parpadeo	916
12381	proclamación	916
12382	alado	915
12383	astral	915
12384	emancipación	915
12385	favorablemente	915
12386	hidratar	915
12387	rating	915
12388	vibrador	915
12389	IPC	914
12390	avaro	914
12391	colación	914
12392	hojalata	914
12393	incuestionable	914
12394	mandarina	914
12395	villancico	914
12396	adiestramiento	913
12397	contrariamente	913
12398	diálisis	913
12399	negrito	913
12400	néctar	913
12401	verbena	913
12402	alentado	912
12403	promocional	912
12404	quejar	912
12405	racionalizar	912
12406	extraviar	911
12407	grillete	911
12408	remitente	911
12409	antibalas	910
12410	barda	910
12411	inconcluso	910
12412	materialista	910
12413	parlotear	910
12414	prostíbulo	910
12415	salomar	910
12416	still	910
12417	tronar	910
12418	arbitrariedad	909
12419	confortar	909
12420	desplumar	909
12421	explanada	909
12422	jurisdiccional	909
12423	mascarilla	909
12424	maña	909
12425	pal	909
12426	radiología	909
12427	retro	908
12428	sondear	908
12429	unísono	908
12430	armería	907
12431	cháchara	907
12432	derribo	907
12433	momentito	907
12434	politécnico	907
12435	tata	907
12436	traste	907
12437	vegetativo	907
12438	proverbio	906
12439	sintomático	906
12440	tobogán	906
12441	yeti	906
12442	ballesta	905
12443	baranda	905
12444	orinal	905
12445	plebeyo	905
12446	rimar	905
12447	albahaca	904
12448	autoría	904
12449	carrusel	904
12450	cortocircuito	904
12451	drásticamente	904
12452	gimnasta	904
12453	movedizo	904
12454	multitudinario	904
12455	trueque	904
12456	clítoris	902
12457	desprotegido	902
12458	engendro	902
12459	luciérnaga	902
12460	omiso	902
12461	sigilosamente	902
12462	sésamo	902
12463	bolera	901
12464	jorobado	901
12465	langostino	901
12466	sangrante	901
12467	seleccionador	901
12468	ápice	901
12469	anormalidad	900
12470	banjo	900
12471	oca	900
12472	podre	900
12473	agridulce	899
12474	debilucho	899
12475	desinfectante	899
12476	ponente	899
12477	aventar	898
12478	catalizador	898
12479	chorlito	898
12480	embalar	898
12481	indiscreción	898
12482	indumentaria	898
12483	letón	898
12484	ro	898
12485	afiliación	897
12486	contendiente	897
12487	disimulo	897
12488	embarrar	897
12489	esperanzador	897
12490	fealdad	897
12491	idealizar	897
12492	terrón	897
12493	apatía	896
12494	apocalíptico	896
12495	bullicio	896
12496	cigüeña	896
12497	jeroglífico	896
12498	pack	896
12499	sazón	896
12500	veda	896
12501	visiblemente	896
12502	vivero	896
12503	calidez	895
12504	farmacológico	895
12505	fraguar	895
12506	inexorable	895
12507	planteo	895
12508	coyuntural	894
12509	exclusividad	894
12510	macroeconómico	894
12511	nazareno	894
12512	admisible	893
12513	chicha	893
12514	faisán	893
12515	nirvana	893
12516	recaudador	893
12517	reincorporar	893
12518	supermán	893
12519	veintiocho	893
12520	almidón	892
12521	estampida	892
12522	pigmento	892
12523	rastra	892
12524	RFA	891
12525	USB	891
12526	atinar	891
12527	curvatura	891
12528	embellecer	891
12529	humanismo	891
12530	regodearse	891
12531	abolición	890
12532	bodi	890
12533	bronco	890
12534	calmo	890
12535	desafinar	890
12536	extraoficial	890
12537	habladuría	890
12538	jurisprudencia	890
12539	obscenidad	890
12540	prenatal	890
12541	prisma	890
12542	prismáticos	890
12543	velatorio	890
12544	cosido	889
12545	cubito	889
12546	estampado	889
12547	falsear	889
12548	habano	889
12549	payasada	889
12550	recambio	889
12551	refinamiento	889
12552	reseco	889
12553	subyacer	889
12554	sulfato	889
12555	tau	889
12556	tirita	889
12557	ají	888
12558	astrólogo	888
12559	diezmar	888
12560	musitar	888
12561	mutis	888
12562	posadero	888
12563	druida	887
12564	inflamable	887
12565	proporcionado	887
12566	punción	887
12567	reversa	887
12568	amonestar	886
12569	blasfemo	886
12570	lar	886
12571	percha	886
12572	rigurosamente	886
12573	subsiguiente	886
12574	ups	886
12575	afanar	885
12576	alijo	885
12577	coñazo	885
12578	granadino	885
12579	participativo	885
12580	poncho	885
12581	prescrito	885
12582	salina	885
12583	acalorado	884
12584	flan	884
12585	insospechado	884
12586	lustro	884
12587	maquinista	884
12588	tumbo	884
12589	cazo	883
12590	celador	883
12591	jumbo	883
12592	pelusa	883
12593	predestinado	883
12594	termo	883
12595	turbante	883
12596	cartilla	882
12597	contrapunto	882
12598	entumecer	882
12599	feriado	882
12600	forcejeo	882
12601	somático	882
12602	sugerente	882
12603	textualmente	882
12604	indocumentado	881
12605	junco	881
12606	relax	881
12607	agitador	880
12608	agobiante	880
12609	cuña	880
12610	enroscar	880
12611	inquebrantable	880
12612	titanio	880
12613	apasionadamente	879
12614	cavernícola	879
12615	cicatrizar	879
12616	degradante	879
12617	difamar	879
12618	folk	879
12619	monotonía	879
12620	bastión	878
12621	cuadrangular	878
12622	cuarzo	878
12623	grava	878
12624	legalización	878
12625	magisterio	878
12626	meningitis	878
12627	médium	878
12628	perpendicular	878
12629	telediario	878
12630	bizantino	877
12631	cobijar	877
12632	escollo	877
12633	fanfarronear	877
12634	fogón	877
12635	savia	877
12636	toxicidad	877
12637	baldío	876
12638	cervecería	876
12639	comendador	876
12640	encuadre	876
12641	mercadeo	876
12642	migajas	876
12643	boli	875
12644	cardinal	875
12645	germánico	875
12646	higuera	875
12647	impersonal	875
12648	invariablemente	875
12649	labrado	875
12650	labrar	875
12651	nodo	875
12652	putada	875
12653	retransmitir	875
12654	coqueto	874
12655	descaradamente	874
12656	pelotudo	874
12657	signar	874
12658	sobrepeso	874
12659	sugestión	874
12660	bizco	873
12661	centurión	873
12662	cobijo	873
12663	concordancia	873
12664	decrecer	873
12665	embarcadero	873
12666	fajo	873
12667	métrica	873
12668	pueblito	873
12669	sobrecargado	873
12670	costra	872
12671	córner	872
12672	electrodo	872
12673	fílmico	872
12674	sensitivo	872
12675	soltura	872
12676	apareamiento	871
12677	aporrear	871
12678	concreción	871
12679	corroer	871
12680	hispanoamericano	871
12681	levar	871
12682	desasosiego	870
12683	espuela	870
12684	instintivamente	870
12685	irrigación	870
12686	orquestar	870
12687	posta	870
12688	machacado	869
12689	preludio	869
12690	solvencia	869
12691	transexual	869
12692	alquitrán	868
12693	corpulento	868
12694	embotellar	868
12695	gratificación	868
12696	guijarro	868
12697	lugarteniente	868
12698	manzanilla	868
12699	perenne	868
12700	saltamontes	868
12701	sangría	868
12702	venoso	868
12703	boicot	867
12704	categórico	867
12705	encaramar	867
12706	fraternal	867
12707	frondoso	867
12708	jáquer	867
12709	pasante	867
12710	pendejada	867
12711	rectificación	867
12712	uterino	867
12713	aquelarre	866
12714	caliza	866
12715	florista	866
12716	loft	866
12717	cuajado	865
12718	musculatura	865
12719	nipón	865
12720	pitufo	865
12721	reparador	865
12722	soso	865
12723	taladrar	865
12724	IRPF	864
12725	cadencia	864
12726	cloruro	864
12727	irreconocible	864
12728	batallar	863
12729	bibliográfico	863
12730	boicotear	863
12731	casete	863
12732	comodín	863
12733	culminante	863
12734	divertidísimo	863
12735	erróneamente	863
12736	jeringuilla	863
12737	soldadito	863
12738	suntuoso	863
12739	acojonar	862
12740	chubasco	862
12741	desvalido	862
12742	erradicación	862
12743	ferviente	862
12744	fornido	862
12745	gago	862
12746	ocupacional	862
12747	mamario	861
12748	descalificación	860
12749	estructuración	860
12750	ilógico	860
12751	incomunicado	860
12752	lauro	860
12753	pulg	860
12754	sublevar	860
12755	complacencia	859
12756	endémico	859
12757	facto	859
12758	populista	859
12759	rarísimo	859
12760	reducto	859
12761	sentimentalismo	859
12762	serenar	859
12763	tez	859
12764	azafrán	858
12765	faltante	858
12766	fiduciario	858
12767	humorista	858
12768	impacientar	858
12769	negligente	858
12770	shorts	858
12771	silenciador	858
12772	autobiográfico	857
12773	garbo	857
12774	hostigar	857
12775	prusiano	857
12776	tap	857
12777	circunscripción	856
12778	contraproducente	856
12779	esclerosis	856
12780	coloración	855
12781	gastado	855
12782	jet	855
12783	serafín	855
12784	setecientos	855
12785	teclear	855
12786	toallita	855
12787	fiero	854
12788	gotera	854
12789	horripilante	854
12790	lazar	854
12791	menstrual	854
12792	priorizar	854
12793	rapidito	854
12794	sismo	854
12795	afectación	853
12796	automatizar	853
12797	bitcoin	853
12798	cruasán	853
12799	deposición	853
12800	desinterés	853
12801	epinefrina	853
12802	fulgor	853
12803	logotipo	853
12804	pavonear	853
12805	aguijón	852
12806	condicionante	852
12807	cronómetro	852
12808	elegía	852
12809	floración	852
12810	multicolor	852
12811	arboleda	851
12812	inmensidad	851
12813	isótopo	851
12814	linfático	851
12815	magnetismo	851
12816	paredón	851
12817	pimentón	851
12818	reglamentar	851
12819	reubicar	851
12820	alegoría	850
12821	basto	850
12822	brío	850
12823	cartílago	850
12824	estadista	850
12825	linchar	850
12826	templar	850
12827	beis	849
12828	crash	849
12829	ganglio	849
12830	mari	849
12831	miau	849
12832	acaecer	848
12833	esotérico	848
12834	fatídico	848
12835	imposibilitar	848
12836	sen	848
12837	sátira	848
12838	aminorar	847
12839	así que	847
12840	av	847
12841	conciso	847
12842	ecuatorial	847
12843	mandarín	847
12844	nordeste	847
12845	padrón	847
12846	compatibilidad	846
12847	corear	846
12848	pote	846
12849	vicisitud	846
12850	crazy	845
12851	figurado	845
12852	manija	845
12853	pezuña	845
12854	popó	845
12855	servicial	845
12856	exuberante	844
12857	germinar	844
12858	hiriente	844
12859	leonés	844
12860	memorándum	844
12861	normativo	844
12862	pay	844
12863	polarizar	844
12864	procrear	844
12865	tarima	844
12866	albor	843
12867	amargar	843
12868	armador	843
12869	embestida	843
12870	escogido	843
12871	experimentado	843
12872	opa	843
12873	pequeñez	843
12874	predador	843
12875	vacilante	843
12876	P. D.	842
12877	agravante	842
12878	arveja	842
12879	conseguido	842
12880	exasperar	842
12881	pacificador	842
12882	paranoide	842
12883	preferencial	842
12884	rencoroso	842
12885	tugurio	842
12886	viejito	842
12887	contraposición	841
12888	equivalencia	841
12889	gesta	841
12890	regata	841
12891	adulador	840
12892	almohadón	840
12893	bajista	840
12894	picadillo	840
12895	primeramente	840
12896	regordete	840
12897	serenata	840
12898	tempo	840
12899	adormecer	839
12900	desposar	839
12901	ensimismado	839
12902	limpiamente	839
12903	preferiblemente	839
12904	adrede	838
12905	bip	838
12906	callos	838
12907	cubeta	838
12908	intimidante	838
12909	degeneración	837
12910	oblicuo	837
12911	radicado	837
12912	sociocultural	837
12913	Charo	836
12914	arenoso	836
12915	cólico	836
12916	falsamente	836
12917	gourmet	836
12918	heraldo	836
12919	módem	836
12920	notaría	836
12921	talco	836
12922	tatuar	836
12923	tejón	836
12924	ensombrecer	835
12925	mimoso	835
12926	presidiario	835
12927	dignarse	834
12928	enamoramiento	834
12929	lingote	834
12930	proteico	834
12931	yuppy	834
12932	artificialmente	833
12933	codazo	833
12934	expectante	833
12935	lactancia	833
12936	propinar	833
12937	CI	832
12938	chasquido	832
12939	desinflar	832
12940	estiramiento	832
12941	fecundación	832
12942	hijo de puta	832
12943	humanoide	832
12944	hurón	832
12945	pus	832
12946	sometimiento	832
12947	traducido	832
12948	calcinar	831
12949	impío	831
12950	incomprensión	831
12951	insatisfacción	831
12952	restablecimiento	831
12953	retransmisión	831
12954	segregación	831
12955	californiano	830
12956	comilla	830
12957	pulcro	830
12958	souvenir	830
12959	congeniar	829
12960	desanimado	829
12961	ejemplificar	829
12962	visualización	829
12963	voltereta	829
12964	canje	828
12965	criminalidad	828
12966	elasticidad	828
12967	hombrecillo	828
12968	incisivo	828
12969	moralista	828
12970	neurólogo	828
12971	reasignar	828
12972	sioux	828
12973	tergiversar	828
12974	coagulación	827
12975	combativo	827
12976	consternado	827
12977	desfiladero	827
12978	dpto	827
12979	en vilo	827
12980	homínido	827
12981	nubosidad	827
12982	patilla	827
12983	bragueta	826
12984	cedro	826
12985	elíptico	826
12986	hablante	826
12987	pausado	826
12988	vaticinar	826
12989	albanés	825
12990	coraza	825
12991	descarriar	825
12992	hilarante	825
12993	insípido	825
12994	transistor	825
12995	adulterar	824
12996	anagrama	824
12997	bolo	824
12998	confesionario	824
12999	ebullición	824
13000	radicalismo	824
13001	sotana	824
13002	acróbata	823
13003	carrocería	823
13004	disparador	823
13005	nacionalización	823
13006	oxidar	823
13007	peatonal	823
13008	posesivo	823
13009	veraz	823
13010	violonchelo	823
13011	bonanza	822
13012	cosmopolita	822
13013	crew	822
13014	cápita	822
13015	desarticular	822
13016	gobernabilidad	822
13017	kelvin	822
13018	palpitación	822
13019	rectitud	822
13020	renacuajo	822
13021	afable	821
13022	atisbo	821
13023	atornillar	821
13024	bovino	821
13025	caoba	821
13026	hormiguero	821
13027	istmo	821
13028	lechuza	821
13029	materialismo	821
13030	motriz	821
13031	neurocirujano	821
13032	rodillo	821
13033	sita	821
13034	cobrador	820
13035	descapotable	820
13036	pantufla	820
13037	reconquista	820
13038	santiamén	820
13039	vizconde	820
13040	encestar	819
13041	etiquetado	819
13042	focal	819
13043	reposición	819
13044	vehemencia	819
13045	anímico	818
13046	arpón	818
13047	engatusar	818
13048	forcejear	818
13049	frutal	818
13050	habitable	818
13051	magma	818
13052	benévolo	817
13053	generacional	817
13054	ignición	817
13055	impresionista	817
13056	partisano	817
13057	plusvalía	817
13058	pool	817
13059	armazón	816
13060	biodiversidad	816
13061	collage	816
13062	cremoso	816
13063	desprestigiar	816
13064	desvirtuar	816
13065	extravagancia	816
13066	navegador	816
13067	postrado	816
13068	preservado	816
13069	airoso	815
13070	erosionar	815
13071	hosco	815
13072	peca	815
13073	sortija	815
13074	advenimiento	814
13075	alambrada	814
13076	barriada	814
13077	desmembrar	814
13078	desperfecto	814
13079	despilfarro	814
13080	hemorroides	814
13081	pensionista	814
13082	proferir	814
13083	recóndito	814
13084	sacristán	814
13085	tipología	814
13086	zafiro	814
13087	aturdir	813
13088	colisionar	813
13089	demoledor	813
13090	desatado	813
13091	epicentro	813
13092	inhalador	813
13093	rema	813
13094	surtido	813
13095	tala	813
13096	bocanada	812
13097	caldero	812
13098	cómputo	812
13099	diantre	812
13100	dilucidar	812
13101	sesgo	812
13102	siciliano	812
13103	afro	811
13104	carminar	811
13105	castrar	811
13106	eructar	811
13107	evangelista	811
13108	glaseado	811
13109	imperante	811
13110	pastelillo	811
13111	pelotero	811
13112	racionalización	811
13113	anticristo	810
13114	atrincherar	810
13115	añejo	810
13116	intendencia	810
13117	mote	810
13118	nutria	810
13119	planeación	810
13120	soplete	810
13121	apremiante	809
13122	aprisionar	809
13123	batuta	809
13124	castrado	809
13125	dedicatoria	809
13126	interestatal	809
13127	netamente	809
13128	pectoral	809
13129	piercing	809
13130	reanimación	809
13131	after	808
13132	albino	808
13133	ilusorio	808
13134	incontenible	808
13135	invaluable	808
13136	mejorado	808
13137	oxidación	808
13138	planicie	808
13139	psicoterapia	808
13140	agonizante	807
13141	buceador	807
13142	codificación	807
13143	dogmático	807
13144	guirnalda	807
13145	superintendencia	807
13146	vienés	807
13147	ateneo	806
13148	boa	806
13149	catarro	806
13150	chingar	806
13151	galés	806
13152	god	806
13153	monstruosidad	806
13154	morfología	806
13155	opresor	806
13156	panista	806
13157	perseverar	806
13158	presentable	806
13159	reciclado	806
13160	resfrío	806
13161	resumido	806
13162	santamaría	806
13163	aprestar	805
13164	arrear	805
13165	capitalización	805
13166	dramatizar	805
13167	enfundar	805
13168	escroto	805
13169	estilístico	805
13170	irremediablemente	805
13171	maltrecho	805
13172	mimbre	805
13173	polluelo	805
13174	prematuramente	805
13175	queridísimo	805
13176	rendija	805
13177	revestimiento	805
13178	trilogía	805
13179	barullo	804
13180	enfilar	804
13181	eutanasia	804
13182	nacho	804
13183	paje	804
13184	prof.	804
13185	tomillo	804
13186	zarpa	804
13187	analógico	803
13188	hídrico	803
13189	refrigerar	803
13190	McLaren	802
13191	cóndor	802
13192	destartalado	802
13193	incredulidad	802
13194	morfológico	802
13195	endemoniado	801
13196	escenificar	801
13197	estaño	801
13198	carburador	800
13199	colear	800
13200	diablillo	800
13201	elitista	800
13202	humorístico	800
13203	lloroso	800
13204	oda	800
13205	vivaz	800
13206	carótido	799
13207	cuclilla	799
13208	franciscano	799
13209	integrador	799
13210	meritorio	799
13211	mingo	799
13212	proclive	799
13213	retribuir	799
13214	simplificación	799
13215	alero	798
13216	asestar	798
13217	carísimo	798
13218	conciudadano	798
13219	derechista	798
13220	dramáticamente	798
13221	esbozo	798
13222	hazmerreír	798
13223	paté	798
13224	prodigar	798
13225	pélvico	798
13226	trastienda	798
13227	cinema	797
13228	desacelerar	797
13229	embaucar	797
13230	esófago	797
13231	extensivo	797
13232	ramificación	797
13233	veintiséis	797
13234	biográfico	796
13235	bungalow	796
13236	femoral	796
13237	garrapata	796
13238	gonorrea	796
13239	iluso	796
13240	mish	796
13241	recomenzar	796
13242	temperamental	796
13243	autosuficiente	795
13244	celestino	795
13245	tricolor	795
13246	vívido	795
13247	antimateria	794
13248	asir	794
13249	conseller	794
13250	evasiva	794
13251	importunar	794
13252	incontrolado	794
13253	licorería	794
13254	miocardio	794
13255	primaveral	794
13256	recalentar	794
13257	repugnancia	794
13258	ricachón	794
13259	suplicio	794
13260	adúltero	793
13261	alpino	793
13262	arista	793
13263	bisagra	793
13264	esguince	793
13265	exacerbar	793
13266	familiaridad	793
13267	gaita	793
13268	kill	793
13269	performance	793
13270	pupilo	793
13271	bebito	792
13272	curtido	792
13273	degenerar	792
13274	embalsamar	792
13275	epígrafe	792
13276	expropiar	792
13277	franela	792
13278	golpecito	792
13279	inmovilidad	792
13280	joroba	792
13281	jueguito	792
13282	metalúrgico	792
13283	quiebre	792
13284	reiteradamente	792
13285	rubor	792
13286	corista	791
13287	enganche	791
13288	expendedor	791
13289	inhabilitar	791
13290	absorbente	790
13291	acné	790
13292	centralizado	790
13293	chavo	790
13294	dramatismo	790
13295	envidiable	790
13296	miope	790
13297	cabalgata	789
13298	cronometrar	789
13299	elocuencia	789
13300	enésimo	789
13301	iguana	789
13302	impureza	789
13303	metafísico	789
13304	monacillo	789
13305	orine	789
13306	viejita	789
13307	chasquear	788
13308	detractor	788
13309	enlistar	788
13310	inocuo	788
13311	insufrible	788
13312	legislar	788
13313	plebiscito	788
13314	schop	788
13315	vórtice	788
13316	CF	787
13317	descubridor	787
13318	fracasado	787
13319	gang	787
13320	lepra	787
13321	monóxido	787
13322	palmadita	787
13323	sistémico	787
13324	capar	786
13325	desintoxicación	786
13326	enmascarar	786
13327	fulminar	786
13328	irremediable	786
13329	pronunciación	786
13330	toldo	786
13331	brinco	785
13332	forja	785
13333	látex	785
13334	mantra	785
13335	papelito	785
13336	confluencia	784
13337	detenimiento	784
13338	indecisión	784
13339	jirón	784
13340	mesón	784
13341	ortodoxia	784
13342	ánima	784
13343	bioquímico	783
13344	colorante	783
13345	escandinavo	783
13346	escaramuza	783
13347	matriculado	783
13348	patita	783
13349	precipitadamente	783
13350	bypass	782
13351	equiparar	782
13352	fotón	782
13353	individualismo	782
13354	integrista	782
13355	latón	782
13356	lustrar	782
13357	practicamente	782
13358	precinto	782
13359	trágicamente	782
13360	aniquilación	781
13361	boquiabierto	781
13362	chirrido	781
13363	desheredar	781
13364	epílogo	781
13365	indigestión	781
13366	variabilidad	781
13367	arrojo	780
13368	brandi	780
13369	computar	780
13370	enérgicamente	780
13371	imputación	780
13372	pop	780
13373	contrabandear	779
13374	criador	779
13375	estival	779
13376	licuadora	779
13377	menguar	779
13378	presencial	779
13379	ranchero	779
13380	robótica	779
13381	brocha	778
13382	discriminatorio	778
13383	golfista	778
13384	linfoma	778
13385	macro	778
13386	porcentual	778
13387	quiste	778
13388	baliza	777
13389	beduino	777
13390	caduco	777
13391	camaradería	777
13392	incubar	777
13393	longitudinal	777
13394	timador	777
13395	devastación	776
13396	enardecer	776
13397	hombría	776
13398	kiosco	776
13399	ojera	776
13400	palidecer	776
13401	beato	775
13402	difuminar	775
13403	onírico	775
13404	plagio	775
13405	rastrero	775
13406	rebosante	775
13407	avellana	774
13408	chalé	774
13409	recriminar	774
13410	sanear	774
13411	twist	774
13412	DT	773
13413	autocrítica	773
13414	bohemio	773
13415	incoherente	773
13416	interestelar	773
13417	pedante	773
13418	programático	773
13419	zas	773
13420	aparecido	772
13421	basal	772
13422	batea	772
13423	boya	772
13424	cantada	772
13425	censor	772
13426	fruncido	772
13427	mall	772
13428	pernicioso	772
13429	rastrillo	772
13430	séptico	772
13431	ambientar	771
13432	autocontrol	771
13433	cardiólogo	771
13434	consagración	771
13435	culturalmente	771
13436	córnea	771
13437	estancar	771
13438	forrar	771
13439	oficinista	771
13440	paralización	771
13441	pordiosero	771
13442	recuadro	771
13443	simulador	771
13444	sintaxis	771
13445	temporario	771
13446	benigno	770
13447	cutre	770
13448	estacional	770
13449	a quemarropa	769
13450	hemoglobina	769
13451	otrora	769
13452	polizón	769
13453	presagiar	769
13454	profesionalismo	769
13455	suflé	769
13456	abogacía	768
13457	contado	768
13458	curiosear	768
13459	denunciante	768
13460	independizar	768
13461	locación	768
13462	orgullosamente	768
13463	posmoderno	768
13464	prehistoria	768
13465	ratonera	768
13466	resort	768
13467	biomasa	767
13468	buñuelo	767
13469	camada	767
13470	desengaño	767
13471	dossier	767
13472	estreñimiento	767
13473	exnovio	767
13474	figuración	767
13475	gentuza	767
13476	llovizna	767
13477	lujurioso	767
13478	pana	767
13479	rockero	767
13480	adosado	766
13481	boogie	766
13482	crep	766
13483	incursionar	766
13484	prepotente	766
13485	pupitre	766
13486	saboteador	766
13487	tecnicismo	766
13488	TAM	765
13489	apendicitis	765
13490	califa	765
13491	churro	765
13492	coagular	765
13493	criadero	765
13494	euskera	765
13495	fiabilidad	765
13496	garante	765
13497	instigar	765
13498	investir	765
13499	palabrería	765
13500	recibidor	765
13501	remanente	765
13502	seto	765
13503	coloso	764
13504	cromático	764
13505	gachas	764
13506	heredado	764
13507	rematado	764
13508	retórico	764
13509	acuarela	763
13510	andamio	763
13511	bidón	763
13512	delicadamente	763
13513	espumoso	763
13514	principado	763
13515	quetzal	763
13516	reinante	763
13517	repelente	763
13518	chantajista	762
13519	discursivo	762
13520	disección	762
13521	dolorosamente	762
13522	dopamina	762
13523	extintor	762
13524	melódico	762
13525	TLC	761
13526	bilingüe	761
13527	corrector	761
13528	cristiandad	761
13529	esfinge	761
13530	arcada	760
13531	concello	760
13532	desconsolado	760
13533	tostar	760
13534	abridor	759
13535	borrego	759
13536	efigie	759
13537	engrosar	759
13538	estría	759
13539	eólico	759
13540	ladear	759
13541	loa	759
13542	mojo	759
13543	tablilla	759
13544	aguacero	758
13545	aureola	758
13546	capitalizar	758
13547	pubis	758
13548	rechinar	758
13549	ADE	757
13550	blackjack	757
13551	facultativo	757
13552	guinda	757
13553	intencionadamente	757
13554	malteado	757
13555	notoriedad	757
13556	pirómano	757
13557	prorrogar	757
13558	ramen	757
13559	ultraje	757
13560	adobe	756
13561	graffiti	756
13562	inmundicia	756
13563	llamarada	756
13564	pelaje	756
13565	tour	756
13566	bisonte	755
13567	bonus	755
13568	buró	755
13569	flácido	755
13570	garito	755
13571	lince	755
13572	lípido	755
13573	maximizar	755
13574	nazismo	755
13575	sacrilegio	755
13576	sinuoso	755
13577	velorio	755
13578	acuoso	754
13579	bienal	754
13580	desvelado	754
13581	dictatorial	754
13582	embolia	754
13583	empobrecido	754
13584	estabilizador	754
13585	feudo	754
13586	habilidoso	754
13587	mesilla	754
13588	pomo	754
13589	sinfín	754
13590	tallarín	754
13591	carcasa	753
13592	contralor	753
13593	parabólico	753
13594	posterioridad	753
13595	prolijo	753
13596	rifa	753
13597	sublevación	753
13598	alacena	752
13599	cao	752
13600	catar	752
13601	chato	752
13602	comadrón	752
13603	doliente	752
13604	tedio	752
13605	validar	752
13606	alfil	751
13607	bajón	751
13608	dualidad	751
13609	esprint	751
13610	metástasis	751
13611	optimizar	751
13612	sobreestimar	751
13613	sónico	751
13614	aliciente	750
13615	cortador	750
13616	devaluar	750
13617	espino	750
13618	estridente	750
13619	fecal	750
13620	fisonomía	750
13621	flautista	750
13622	hendidura	750
13623	alfabético	749
13624	alfarero	749
13625	alternancia	749
13626	desalentar	749
13627	estatuilla	749
13628	eximir	749
13629	hospitalización	749
13630	obituario	749
13631	remendar	749
13632	renombrado	749
13633	sacristía	749
13634	trillón	749
13635	itinerante	748
13636	otear	748
13637	telespectador	748
13638	utilitario	748
13639	amígdala	747
13640	arraigado	747
13641	arrojado	747
13642	canapé	747
13643	chequera	747
13644	puntuar	747
13645	tejedor	747
13646	afrodisíaco	746
13647	ario	746
13648	bulimia	746
13649	chivar	746
13650	ciprés	746
13651	ensillar	746
13652	finalización	746
13653	gozoso	746
13654	malévolo	746
13655	pirado	746
13656	ratoncito	746
13657	siamés	746
13658	ajetreado	745
13659	amazónico	745
13660	amputación	745
13661	desazón	745
13662	examinador	745
13663	papaya	745
13664	promiscuo	745
13665	sobrecargar	745
13666	apuntalar	744
13667	arreciar	744
13668	ascendencia	744
13669	autocar	744
13670	autorretrato	744
13671	bombeo	744
13672	carmelita	744
13673	casaca	744
13674	clínicamente	744
13675	deshabitado	744
13676	embrollo	744
13677	esterilizar	744
13678	nigeriano	744
13679	ortopédico	744
13680	rasurar	744
13681	autoritarismo	743
13682	batidora	743
13683	carabina	743
13684	conti	743
13685	desnivel	743
13686	ornamental	743
13687	recarga	743
13688	salino	743
13689	tea	743
13690	batata	742
13691	bulbo	742
13692	cebolleta	742
13693	colón	742
13694	comprometedor	742
13695	fluctuar	742
13696	mambo	742
13697	manejable	742
13698	piñón	742
13699	rai	742
13700	PGR	741
13701	atrio	741
13702	conductual	741
13703	encorvado	741
13704	retén	741
13705	telar	741
13706	amedrentar	740
13707	crematorio	740
13708	exiguo	740
13709	fuck	740
13710	inefable	740
13711	manutención	740
13712	parachoques	740
13713	pedagogía	740
13714	usurero	740
13715	visualmente	740
13716	acordonar	739
13717	alzamiento	739
13718	asentado	739
13719	autismo	739
13720	cataclismo	739
13721	lisar	739
13722	ratero	739
13723	alzada	738
13724	compresa	738
13725	espectral	738
13726	exitosamente	738
13727	eyacular	738
13728	inexistencia	738
13729	intelectualmente	738
13730	interventor	738
13731	nafta	738
13732	omnipotente	738
13733	pastelero	738
13734	peligrosidad	738
13735	toxicología	738
13736	anestesiar	737
13737	autómata	737
13738	celeridad	737
13739	conjura	737
13740	cíclope	737
13741	entrecortado	737
13742	hormigueo	737
13743	meridiano	737
13744	ocultación	737
13745	pellizco	737
13746	reaparición	737
13747	boquilla	736
13748	epistemológico	736
13749	ingente	736
13750	servil	736
13751	abortado	735
13752	diligente	735
13753	empollón	735
13754	genealógico	735
13755	set	735
13756	vitalicio	735
13757	arenal	734
13758	cascar	734
13759	conciliador	734
13760	cultivador	734
13761	kryptonita	734
13762	marcapasos	734
13763	montañés	734
13764	peronismo	734
13765	sensacionalista	734
13766	torturador	734
13767	tríada	734
13768	capri	733
13769	expositor	733
13770	gentío	733
13771	inhóspito	733
13772	maléfico	733
13773	mayorista	733
13774	peer	733
13775	pirueta	733
13776	encandilar	732
13777	escrutar	732
13778	harapo	732
13779	malhechor	732
13780	ondulado	732
13781	publicitar	732
13782	tabacalero	732
13783	tory	732
13784	DNI	731
13785	agraciado	731
13786	amish	731
13787	cariñito	731
13788	desaliento	731
13789	financieramente	731
13790	pomelo	731
13791	privilegiar	731
13792	racionamiento	731
13793	vástago	731
13794	cari	730
13795	chita	730
13796	demagogia	730
13797	enturbiar	730
13798	excavador	730
13799	monito	730
13800	niñato	730
13801	partero	730
13802	revitalizar	730
13803	tejo	730
13804	tortolito	730
13805	catacumba	729
13806	centrocampista	729
13807	cinético	729
13808	corpiño	729
13809	durísimo	729
13810	extraditar	729
13811	extremar	729
13812	fritura	729
13813	gral.	729
13814	injerencia	729
13815	lumbre	729
13816	modernista	729
13817	modista	729
13818	mojigato	729
13819	pickles	729
13820	put	729
13821	yugular	729
13822	boticario	728
13823	comulgar	728
13824	congestión	728
13825	decomisar	728
13826	imparcialidad	728
13827	júnior	728
13828	legajo	728
13829	reprimenda	728
13830	señalización	728
13831	templario	728
13832	cotejo	727
13833	desaliñado	727
13834	escisión	727
13835	muñequita	727
13836	pediátrico	727
13837	tracto	727
13838	arrabal	726
13839	espinoso	726
13840	gastrointestinal	726
13841	impertinencia	726
13842	ligadura	726
13843	oficialismo	726
13844	perpetrador	726
13845	redentor	726
13846	señorial	726
13847	automovilista	725
13848	balar	725
13849	desinfectar	725
13850	empolvar	725
13851	gacela	725
13852	inflacionario	725
13853	infractor	725
13854	inhalación	725
13855	merendar	725
13856	pajita	725
13857	soluble	725
13858	bochornoso	724
13859	desahuciar	724
13860	desollar	724
13861	flaquear	724
13862	laurel	724
13863	mamacita	724
13864	muestreo	724
13865	reavivar	724
13866	regentar	724
13867	rollito	724
13868	silicio	724
13869	arritmia	723
13870	benevolencia	723
13871	cooperativo	723
13872	desfallecer	723
13873	detalladamente	723
13874	enfrascar	723
13875	fisgonear	723
13876	incomprendido	723
13877	infructuoso	723
13878	madre	723
13879	pr	723
13880	redirigir	723
13881	salvia	723
13882	trimestral	723
13883	tráquea	723
13884	cupcake	722
13885	escultórico	722
13886	finamente	722
13887	libido	722
13888	pontificio	722
13889	prescindible	722
13890	redecorar	722
13891	trans	722
13892	zócalo	722
13893	aja	721
13894	hediondo	721
13895	hold	721
13896	ilustrativo	721
13897	invasivo	721
13898	pecaminoso	721
13899	transgénico	721
13900	agolpar	720
13901	camuflar	720
13902	colapsado	720
13903	frazada	720
13904	gravar	720
13905	lavaplatos	720
13906	lustre	720
13907	multiplicidad	720
13908	púlpito	720
13909	ramal	720
13910	reclinar	720
13911	adormecido	719
13912	canjear	719
13913	chapuza	719
13914	competer	719
13915	comprobado	719
13916	computarizar	719
13917	condenadamente	719
13918	estratagema	719
13919	fertilización	719
13920	flacucho	719
13921	guisar	719
13922	magnolia	719
13923	máxime	719
13924	zozobra	719
13925	consabido	718
13926	endeble	718
13927	facultar	718
13928	intransigente	718
13929	quiniela	718
13930	superávit	718
13931	vinilo	718
13932	adolorido	717
13933	alumnado	717
13934	apresuradamente	717
13935	cifrar	717
13936	estrellita	717
13937	futurista	717
13938	ilegalidad	717
13939	monopolizar	717
13940	penthouse	717
13941	piraña	717
13942	balanceo	716
13943	emular	716
13944	libertario	716
13945	playera	716
13946	segurísimo	716
13947	zarandear	716
13948	abocado	715
13949	bestial	715
13950	captor	715
13951	centuria	715
13952	cyborg	715
13953	descampado	715
13954	loar	715
13955	trombón	715
13956	cantimplora	714
13957	charca	714
13958	cursillo	714
13959	empuñadura	714
13960	erecto	714
13961	mágicamente	714
13962	pro	714
13963	redundar	714
13964	refrigerio	714
13965	suburbano	714
13966	uau	714
13967	undécimo	714
13968	abreviar	713
13969	bellota	713
13970	figurativo	713
13971	indemnizar	713
13972	molotov	713
13973	oportunamente	713
13974	saqueador	713
13975	cinto	712
13976	decimal	712
13977	electrochoque	712
13978	elijar	712
13979	espacio-tiempo	712
13980	estrangulador	712
13981	jam	712
13982	nevado	712
13983	pacer	712
13984	prepotencia	712
13985	uni	712
13986	venéreo	712
13987	altruista	711
13988	amarra	711
13989	antagónico	711
13990	chirriar	711
13991	cortarla	711
13992	damnificado	711
13993	núm.	711
13994	centígrado	710
13995	condensación	710
13996	cordel	710
13997	croqueta	710
13998	esternón	710
13999	mazar	710
14000	microchip	710
14001	resquicio	710
14002	Jericó	709
14003	adamar	709
14004	caries	709
14005	cortometraje	709
14006	holi	709
14007	paridad	709
14008	táctil	709
14009	chupe	708
14010	esquelético	708
14011	estepa	708
14012	iPhone	708
14013	maruja	708
14014	mimir	708
14015	playoff	708
14016	sandez	708
14017	bosquejo	707
14018	consorte	707
14019	domador	707
14020	encinto	707
14021	espiga	707
14022	gustoso	707
14023	infelicidad	707
14024	insano	707
14025	liderato	707
14026	redescubrir	707
14027	satisfactoriamente	707
14028	segar	707
14029	alcatraz	706
14030	apremiar	706
14031	beligerante	706
14032	damisela	706
14033	ensalzar	706
14034	extasiar	706
14035	filiación	706
14036	litio	706
14037	mayorcito	706
14038	orientador	706
14039	representatividad	706
14040	sopera	706
14041	angina	705
14042	escudriñar	705
14043	fiestero	705
14044	inflable	705
14045	infrecuente	705
14046	instrumentación	705
14047	invalidez	705
14048	planificador	705
14049	subdesarrollo	705
14050	ambulatorio	704
14051	angustiar	704
14052	detonante	704
14053	fertilizar	704
14054	fluorescente	704
14055	glúteo	704
14056	inorgánico	704
14057	licenciar	704
14058	olmo	704
14059	redistribución	704
14060	solapar	704
14061	sosegado	704
14062	CV	703
14063	abrasión	703
14064	carmesí	703
14065	penalizar	703
14066	ping-pong	703
14067	poda	703
14068	profético	703
14069	selectividad	703
14070	sinsentido	703
14071	consultoría	702
14072	desmenuzar	702
14073	homeopático	702
14074	malagueño	702
14075	perdigón	702
14076	sufragar	702
14077	trillo	702
14078	cilíndrico	701
14079	consonancia	701
14080	gofre	701
14081	multilateral	701
14082	pastar	701
14083	postraumático	701
14084	racionalista	701
14085	rapaz	701
14086	riachuelo	701
14087	risotto	701
14088	sexenio	701
14089	viejecito	701
14090	audicionar	700
14091	bandolero	700
14092	causalidad	700
14093	delinear	700
14094	desenganchar	700
14095	enarbolar	700
14096	feromona	700
14097	monitoreo	700
14098	primacía	700
14099	prospecto	700
14100	ramillete	700
14101	redefinir	700
14102	ultramar	700
14103	delimitación	699
14104	disentir	699
14105	floreciente	699
14106	indistintamente	699
14107	judaísmo	699
14108	monografía	699
14109	ocre	699
14110	opiáceo	699
14111	tímidamente	699
14112	bienaventurado	698
14113	castración	698
14114	entornar	698
14115	ferocidad	698
14116	limeño	698
14117	ardid	697
14118	cabecear	697
14119	frutilla	697
14120	grasoso	697
14121	harén	697
14122	predominantemente	697
14123	trincar	697
14124	tímpano	697
14125	aparador	696
14126	constatación	696
14127	electro	696
14128	fecundidad	696
14129	insubordinación	696
14130	intencionalidad	696
14131	mercadillo	696
14132	olimpíada	696
14133	patriarcal	696
14134	pestillo	696
14135	reanudación	696
14136	tiberio	696
14137	tótem	696
14138	despuntar	695
14139	disidencia	695
14140	mantilla	695
14141	reembolsar	695
14142	solsticio	695
14143	universalidad	695
14144	cronograma	694
14145	democráticamente	694
14146	inconstitucional	694
14147	inmoralidad	694
14148	manchego	694
14149	picotear	694
14150	saxofón	694
14151	sensibilizar	694
14152	supeditar	694
14153	carbonato	693
14154	ene	693
14155	fechoría	693
14156	guita	693
14157	incorregible	693
14158	intranquilo	693
14159	mecenas	693
14160	sato	693
14161	chata	692
14162	nietzscheano	692
14163	popper	692
14164	psicoanalítico	692
14165	rabieta	692
14166	superposición	692
14167	trapecio	692
14168	ameritar	691
14169	anecdótico	691
14170	embudo	691
14171	fotosíntesis	691
14172	subordinación	691
14173	tifus	691
14174	treintena	691
14175	ajetreo	690
14176	argumental	690
14177	becerro	690
14178	desintoxicar	690
14179	estanco	690
14180	fogueo	690
14181	holgazanear	690
14182	inestimable	690
14183	merluza	690
14184	reticente	690
14185	sarcófago	690
14186	desorientación	689
14187	ejem	689
14188	estratégicamente	689
14189	hipotermia	689
14190	inutilidad	689
14191	minifalda	689
14192	nylon	689
14193	salvaguardia	689
14194	uniformidad	689
14195	desembolso	688
14196	escarmiento	688
14197	esterilización	688
14198	masivamente	688
14199	masoquista	688
14200	palidez	688
14201	apear	687
14202	campiña	687
14203	desgranar	687
14204	desordenar	687
14205	espiritualmente	687
14206	instrumentar	687
14207	membresía	687
14208	moratón	687
14209	bagel	686
14210	bochorno	686
14211	cañonazo	686
14212	colonizador	686
14213	compulsión	686
14214	inflamatorio	686
14215	margarina	686
14216	aplomo	685
14217	filoso	685
14218	holgado	685
14219	lentejuela	685
14220	loza	685
14221	mordaza	685
14222	naviero	685
14223	pulular	685
14224	EPI	684
14225	añoranza	684
14226	entonación	684
14227	golpista	684
14228	irrepetible	684
14229	jovial	684
14230	ladilla	684
14231	letargo	684
14232	predeterminado	684
14233	repunte	684
14234	trovador	684
14235	canónigo	683
14236	exageradamente	683
14237	gordinflón	683
14238	pilates	683
14239	salvoconducto	683
14240	suturar	683
14241	tip	683
14242	tumoral	683
14243	enjuiciamiento	682
14244	escrupuloso	682
14245	hidroeléctrica	682
14246	usanza	682
14247	cascarón	681
14248	cerrajero	681
14249	inacabado	681
14250	inmortalizar	681
14251	sequedad	681
14252	truncar	681
14253	ventrículo	681
14254	versátil	681
14255	abeto	680
14256	aglomeración	680
14257	dormitar	680
14258	ilusionar	680
14259	instructivo	680
14260	limítrofe	680
14261	masculinidad	680
14262	millardo	680
14263	mórbido	680
14264	nódulo	680
14265	parmesano	680
14266	polaridad	680
14267	porro	680
14268	salamandra	680
14269	superpotencia	680
14270	alternativamente	679
14271	colibrí	679
14272	contractual	679
14273	esquemático	679
14274	propensión	679
14275	soldar	679
14276	sujeción	679
14277	verbalmente	679
14278	maraña	678
14279	oleoducto	678
14280	preparador	678
14281	pulmonía	678
14282	rojiblanco	678
14283	sistematizar	678
14284	tártaro	678
14285	zodiaco	678
14286	aeroplano	677
14287	almohadilla	677
14288	canónico	677
14289	entremezclar	677
14290	esmero	677
14291	gaveta	677
14292	invocación	677
14293	maple	677
14294	panal	677
14295	simplista	677
14296	zoquete	677
14297	binocular	676
14298	broncear	676
14299	celulitis	676
14300	din	676
14301	disecado	676
14302	embrionario	676
14303	fiscalización	676
14304	fotocopiadora	676
14305	jabato	676
14306	mordisquear	676
14307	reconquistar	676
14308	septentrional	676
14309	telepatía	676
14310	transgredir	676
14311	viajante	676
14312	combo	675
14313	corderito	675
14314	desmoralizar	675
14315	ensamblar	675
14316	hurtar	675
14317	malentender	675
14318	plaqueta	675
14319	puñeta	675
14320	renegociar	675
14321	saxo	675
14322	tullido	675
14323	escudar	674
14324	exhumar	674
14325	hueste	674
14326	liturgia	674
14327	mancillar	674
14328	metadona	674
14329	momo	674
14330	picardía	674
14331	prepago	674
14332	redoble	674
14333	sobrecoger	674
14334	timonel	674
14335	diseccionar	673
14336	insensatez	673
14337	neoclásico	673
14338	níquel	673
14339	predilección	673
14340	regatear	673
14341	sobrehumano	673
14342	suspicacia	673
14343	valientemente	673
14344	acupuntura	672
14345	hablado	672
14346	inmaculado	672
14347	limo	672
14348	ojiva	672
14349	picazón	672
14350	toxicómano	672
14351	aparatoso	671
14352	donostiarra	671
14353	entereza	671
14354	intercalar	671
14355	pérsico	671
14356	aerodinámico	670
14357	alborotado	670
14358	aseveración	670
14359	asmático	670
14360	crédulo	670
14361	despeje	670
14362	enagua	670
14363	estrépito	670
14364	huesudo	670
14365	hábilmente	670
14366	idílico	670
14367	pantomima	670
14368	secretito	670
14369	sedoso	670
14370	berrinche	669
14371	converso	669
14372	lineamiento	669
14373	ponchar	669
14374	simbiosis	669
14375	subsanar	669
14376	tupido	669
14377	atisbar	668
14378	doctoral	668
14379	grulla	668
14380	hadar	668
14381	intrigar	668
14382	naturar	668
14383	palmar	668
14384	purísimo	668
14385	shake	668
14386	aprehensión	667
14387	aye	667
14388	bagaje	667
14389	escalonar	667
14390	filamento	667
14391	franquear	667
14392	salvajemente	667
14393	vinculante	667
14394	agazapado	666
14395	anegar	666
14396	angelical	666
14397	azaroso	666
14398	barranca	666
14399	blunt	666
14400	esclusa	666
14401	gral	666
14402	huelguista	666
14403	incoherencia	666
14404	inigualable	666
14405	inmejorable	666
14406	mentar	666
14407	morador	666
14408	pira	666
14409	protagónico	666
14410	calladito	665
14411	corcel	665
14412	demarcación	665
14413	desalentador	665
14414	dignatario	665
14415	granizo	665
14416	ininteligible	665
14417	mascullar	665
14418	raptor	665
14419	recargo	665
14420	vocalista	665
14421	asimétrico	664
14422	bullir	664
14423	carcinoma	664
14424	cloud	664
14425	gaucho	664
14426	gélido	664
14427	investigado	664
14428	laringe	664
14429	legitimación	664
14430	racionalmente	664
14431	FRA	663
14432	adicionalmente	663
14433	banqueta	663
14434	buhardilla	663
14435	estrafalario	663
14436	expiar	663
14437	falacia	663
14438	insidioso	663
14439	merecido	663
14440	quid	663
14441	sedentario	663
14442	traslucir	663
14443	agir	662
14444	anestésico	662
14445	bikini	662
14446	cariñosamente	662
14447	contundencia	662
14448	copioso	662
14449	descerebrado	662
14450	desesperante	662
14451	disquete	662
14452	eucalipto	662
14453	manivela	662
14454	platea	662
14455	propagandístico	662
14456	psicosomático	662
14457	vizcaíno	662
14458	cítrico	661
14459	escuálido	661
14460	kamikaze	661
14461	adeudar	660
14462	apetecible	660
14463	cortafuegos	660
14464	embalaje	660
14465	morsa	660
14466	pegadizo	660
14467	perredista	660
14468	provisionalmente	660
14469	tamal	660
14470	testimoniar	660
14471	tienta	660
14472	andanza	659
14473	apoplejía	659
14474	cardiología	659
14475	desahogo	659
14476	gramatical	659
14477	guipuzcoano	659
14478	match	659
14479	meteorología	659
14480	vocacional	659
14481	atropellado	658
14482	bostezo	658
14483	caperucita	658
14484	caqui	658
14485	dietético	658
14486	encallar	658
14487	estilizar	658
14488	fumigar	658
14489	lacrosse	658
14490	reconectar	658
14491	remolcador	658
14492	tirotear	658
14493	underground	658
14494	alfarería	657
14495	altiplano	657
14496	catecismo	657
14497	marital	657
14498	pacotilla	657
14499	recaudo	657
14500	sedán	657
14501	topografía	657
14502	aplanar	656
14503	biógrafo	656
14504	brea	656
14505	comadre	656
14506	etéreo	656
14507	mosquete	656
14508	negado	656
14509	pícher	656
14510	tiroides	656
14511	atrayente	655
14512	bife	655
14513	bullicioso	655
14514	circundar	655
14515	cordialidad	655
14516	desembocadura	655
14517	güero	655
14518	indizar	655
14519	judo	655
14520	léxico	655
14521	numerado	655
14522	repudio	655
14523	sabático	655
14524	barritar	654
14525	bloqueador	654
14526	categóricamente	654
14527	comparsa	654
14528	corazoncito	654
14529	decodificar	654
14530	desplazado	654
14531	disolvente	654
14532	hospedaje	654
14533	lactosa	654
14534	palpitante	654
14535	pesebre	654
14536	sudafricano	654
14537	divergente	653
14538	hostelería	653
14539	llanero	653
14540	semejar	653
14541	soñado	653
14542	fecundar	652
14543	intachable	652
14544	polución	652
14545	tifón	652
14546	amonestación	651
14547	argüir	651
14548	chasis	651
14549	esterlina	651
14550	languidecer	651
14551	linchamiento	651
14552	operado	651
14553	pueblecito	651
14554	skate	651
14555	carbonizar	650
14556	colador	650
14557	malecón	650
14558	prenupcial	650
14559	señorío	650
14560	taponar	650
14561	violentar	650
14562	aberrante	649
14563	cimentar	649
14564	crustáceo	649
14565	desajuste	649
14566	fríamente	649
14567	laudar	649
14568	meada	649
14569	ornamento	649
14570	turquesa	649
14571	apedrear	648
14572	avaricioso	648
14573	chocho	648
14574	dengue	648
14575	galeno	648
14576	irrevocable	648
14577	islote	648
14578	minorista	648
14579	oratoria	648
14580	premeditación	648
14581	reversible	648
14582	sofisticación	648
14583	trino	648
14584	vociferar	648
14585	carroña	647
14586	cobalto	647
14587	codear	647
14588	esposito	647
14589	popularizar	647
14590	primigenio	647
14591	sorry	647
14592	subnormal	647
14593	testimonial	647
14594	torrencial	647
14595	algarabía	646
14596	ceramista	646
14597	desautorizar	646
14598	emulsión	646
14599	mico	646
14600	omnipresente	646
14601	pugnar	646
14602	sobremesa	646
14603	terso	646
14604	torniquete	646
14605	troyano	646
14606	cloroformo	645
14607	escalpelo	645
14608	excursionista	645
14609	eyaculación	645
14610	gigoló	645
14611	invariable	645
14612	libio	645
14613	malva	645
14614	osteoporosis	645
14615	tendiente	645
14616	UDI	644
14617	azucarado	644
14618	caballeroso	644
14619	caducidad	644
14620	escalafón	644
14621	facha	644
14622	legítimamente	644
14623	molinero	644
14624	postrero	644
14625	remojo	644
14626	restitución	644
14627	retazo	644
14628	tribulación	644
14629	apetitoso	643
14630	atareado	643
14631	calaña	643
14632	controversial	643
14633	convulsionar	643
14634	dificultoso	643
14635	especulador	643
14636	flequillo	643
14637	veintinueve	643
14638	vejestorio	643
14639	anacrónico	642
14640	atestado	642
14641	chula	642
14642	desligar	642
14643	fleco	642
14644	humanamente	642
14645	ojear	642
14646	ropaje	642
14647	sota	642
14648	subcutáneo	642
14649	tapiar	642
14650	coleta	641
14651	cumpleañero	641
14652	explicitar	641
14653	gentilmente	641
14654	hobbit	641
14655	inactividad	641
14656	judicatura	641
14657	abruptamente	640
14658	aderezar	640
14659	aspereza	640
14660	chingada	640
14661	esterilidad	640
14662	idolatrar	640
14663	pringado	640
14664	rompimiento	640
14665	tinglado	640
14666	antisemita	639
14667	chalán	639
14668	curita	639
14669	desamparo	639
14670	ilustrísimo	639
14671	incondicionalmente	639
14672	refrendar	639
14673	tolerable	639
14674	tulio	639
14675	abertzale	638
14676	alborotador	638
14677	azucena	638
14678	desposeer	638
14679	enmudecer	638
14680	herrero	638
14681	modelado	638
14682	penalización	638
14683	cajuela	637
14684	cruento	637
14685	diminutivo	637
14686	edulcorante	637
14687	empedernido	637
14688	equitación	637
14689	escarcha	637
14690	barquero	636
14691	chardonnay	636
14692	cirio	636
14693	disfuncional	636
14694	enredadera	636
14695	ensoñación	636
14696	entrevistador	636
14697	marginar	636
14698	pizarrón	636
14699	reapertura	636
14700	suscriptor	636
14701	tiara	636
14702	antinatural	635
14703	ataviar	635
14704	dual	635
14705	espátula	635
14706	etiología	635
14707	honroso	635
14708	pajarillo	635
14709	procreación	635
14710	psique	635
14711	squash	635
14712	abanderado	634
14713	antagonista	634
14714	axioma	634
14715	degenerativo	634
14716	delator	634
14717	enea	634
14718	inalterable	634
14719	lánguido	634
14720	masar	634
14721	moroso	634
14722	negociante	634
14723	polarización	634
14724	sanador	634
14725	verídico	634
14726	aditivo	633
14727	campista	633
14728	chuchería	633
14729	entrecruzar	633
14730	griterío	633
14731	hindi	633
14732	identificable	633
14733	merodeador	633
14734	puntapié	633
14735	reiteración	633
14736	supermodelo	633
14737	epifanía	632
14738	raíl	632
14739	sagaz	632
14740	seccionar	632
14741	tipificar	632
14742	boga	631
14743	evaporación	631
14744	instauración	631
14745	repliegue	631
14746	sacerdocio	631
14747	zurrar	631
14748	calabacín	630
14749	ciberespacio	630
14750	ensañar	630
14751	freudiano	630
14752	lija	630
14753	mortalmente	630
14754	satírico	630
14755	ABS	629
14756	denigrar	629
14757	esmerar	629
14758	estremecimiento	629
14759	etanol	629
14760	exiliar	629
14761	homónimo	629
14762	pasantía	629
14763	personarse	629
14764	zaga	629
14765	armisticio	628
14766	asociativo	628
14767	avidez	628
14768	cefalea	628
14769	chocolatina	628
14770	desencadenante	628
14771	espaciar	628
14772	estropeado	628
14773	filología	628
14774	morcilla	628
14775	obstinación	628
14776	suramericano	628
14777	telépata	628
14778	amortiguador	627
14779	arreglárselas	627
14780	barítono	627
14781	desmantelamiento	627
14782	globalmente	627
14783	sabihondo	627
14784	abuchear	626
14785	atocha	626
14786	cardo	626
14787	dehesa	626
14788	desorganizado	626
14789	endocrino	626
14790	entrelazar	626
14791	frac	626
14792	ineficacia	626
14793	israelita	626
14794	lavavajillas	626
14795	parloteo	626
14796	quinteto	626
14797	retardo	626
14798	chándal	625
14799	cognoscitivo	625
14800	cábala	625
14801	jitomate	625
14802	kosher	625
14803	malabares	625
14804	relincho	625
14805	PAC	624
14806	balanceado	624
14807	desdoblar	624
14808	desparramado	624
14809	dominico	624
14810	espinilla	624
14811	flotador	624
14812	individualista	624
14813	jeta	624
14814	lenguado	624
14815	perspicacia	624
14816	somnolencia	624
14817	utilería	624
14818	congestionado	623
14819	cualificación	623
14820	desdibujar	623
14821	distendido	623
14822	genuinamente	623
14823	mamut	623
14824	pasito	623
14825	polea	623
14826	cilantro	622
14827	esquiador	622
14828	involuntariamente	622
14829	palmear	622
14830	resquebrajar	622
14831	saciedad	622
14832	tatarabuelo	622
14833	adonis	621
14834	coexistencia	621
14835	corrosivo	621
14836	degustación	621
14837	parlanchín	621
14838	pulsión	621
14839	zaguán	621
14840	aventajar	620
14841	cautelar	620
14842	compa	620
14843	cuate	620
14844	fogoso	620
14845	galgo	620
14846	mani	620
14847	morbo	620
14848	sabandija	620
14849	urticaria	620
14850	acervo	619
14851	asador	619
14852	brizar	619
14853	desvincular	619
14854	esnifar	619
14855	estereotipar	619
14856	extremado	619
14857	fantasioso	619
14858	guasón	619
14859	hule	619
14860	incubadora	619
14861	trípode	619
14862	agobio	618
14863	apuntado	618
14864	arrollador	618
14865	cántabro	618
14866	desagrado	618
14867	fantasiar	618
14868	quinceañero	618
14869	relicario	618
14870	sulfúrico	618
14871	varicela	618
14872	acolchado	617
14873	blindaje	617
14874	eructo	617
14875	estoico	617
14876	estremecedor	617
14877	insigne	617
14878	redundante	617
14879	dial	616
14880	doctrinal	616
14881	homeopatía	616
14882	maestre	616
14883	martirizar	616
14884	parrillada	616
14885	cabrito	615
14886	consistorio	615
14887	cuórum	615
14888	divisorio	615
14889	fragor	615
14890	irritabilidad	615
14891	jerarca	615
14892	mariachi	615
14893	patalear	615
14894	pececito	615
14895	ponderar	615
14896	soldador	615
14897	verosimilitud	615
14898	acumulador	614
14899	aumentado	614
14900	blancura	614
14901	caldear	614
14902	complexión	614
14903	crucifixión	614
14904	descargo	614
14905	guisado	614
14906	hiperespacio	614
14907	marmota	614
14908	papita	614
14909	viso	614
14910	HP	613
14911	amarre	613
14912	avezar	613
14913	blasfemar	613
14914	deformidad	613
14915	dentado	613
14916	dirimir	613
14917	encarecer	613
14918	guacamole	613
14919	indultar	613
14920	vendaval	613
14921	voluntariado	613
14922	ETS	612
14923	atrofia	612
14924	cromosómico	612
14925	enjuague	612
14926	intercontinental	612
14927	localmente	612
14928	parranda	612
14929	plegable	612
14930	pretendido	612
14931	sigma	612
14932	sirope	612
14933	tabernero	612
14934	valet	612
14935	versar	612
14936	afirmativa	611
14937	canturrear	611
14938	chanchullo	611
14939	cociente	611
14940	emancipar	611
14941	exteriorizar	611
14942	fregona	611
14943	gritón	611
14944	inconsciencia	611
14945	medianamente	611
14946	psi	611
14947	revisor	611
14948	totalizar	611
14949	apiñar	610
14950	bujía	610
14951	cartografía	610
14952	crisol	610
14953	descremado	610
14954	letanía	610
14955	otomano	610
14956	salita	610
14957	alelo	609
14958	cepo	609
14959	condenación	609
14960	desorbitado	609
14961	desventura	609
14962	licuar	609
14963	muesca	609
14964	pasmar	609
14965	retrógrado	609
14966	thriller	609
14967	adaptativo	608
14968	audífonos	608
14969	ayunar	608
14970	bao	608
14971	dedito	608
14972	depurar	608
14973	diadema	608
14974	gallito	608
14975	ge	608
14976	horneado	608
14977	mínimamente	608
14978	repicar	608
14979	romaní	608
14980	sustancioso	608
14981	sutilmente	608
14982	traguito	608
14983	centauro	607
14984	confabularse	607
14985	códice	607
14986	disminuido	607
14987	heterogeneidad	607
14988	merma	607
14989	pazo	607
14990	alerón	606
14991	almíbar	606
14992	cíber	606
14993	dicción	606
14994	gravitación	606
14995	hollín	606
14996	mandón	606
14997	mestizaje	606
14998	orangután	606
14999	prolífico	606
15000	rescindir	606
15001	restaurador	606
15002	vaselina	606
15003	yuca	606
15004	adulación	605
15005	cosilla	605
15006	cutis	605
15007	decrépito	605
15008	desbocado	605
15009	libélula	605
15010	licuado	605
15011	recodo	605
15012	regularizar	605
15013	tubérculo	605
15014	vitorear	605
15015	adorador	604
15016	alberca	604
15017	asqueado	604
15018	cancerígeno	604
15019	compaginar	604
15020	cumplimentar	604
15021	escuadrilla	604
15022	insalvable	604
15023	intrascendente	604
15024	pelele	604
15025	acoplado	603
15026	asfixiante	603
15027	calumniar	603
15028	canceroso	603
15029	madrugador	603
15030	motosierra	603
15031	picor	603
15032	ántrax	603
15033	aserradero	602
15034	bosar	602
15035	carterista	602
15036	desuso	602
15037	enrarecer	602
15038	ew	602
15039	gangrena	602
15040	guagua	602
15041	mallorquín	602
15042	neurología	602
15043	omelet	602
15044	regalía	602
15045	remesa	602
15046	retozar	602
15047	tendente	602
15048	vertebrado	602
15049	adicionar	601
15050	bibi	601
15051	contrarreloj	601
15052	develar	601
15053	fundacional	601
15054	medular	601
15055	mesonero	601
15056	pelotazo	601
15057	precariedad	601
15058	abracadabra	600
15059	colonialismo	600
15060	epopeya	600
15061	inamovible	600
15062	picaporte	600
15063	pistacho	600
15064	soportable	600
15065	tano	600
15066	tarot	600
15067	vestidura	600
15068	absceso	599
15069	alienación	599
15070	concienzudo	599
15071	durazno	599
15072	federativo	599
15073	insolación	599
15074	lupus	599
15075	mordaz	599
15076	nice	599
15077	profetizar	599
15078	retoño	599
15079	sonsacar	599
15080	convergente	598
15081	fortificado	598
15082	golear	598
15083	nauseabundo	598
15084	paladín	598
15085	refinar	598
15086	rellano	598
15087	terciario	598
15088	habitacional	597
15089	profusión	597
15090	revoltoso	597
15091	shot	597
15092	ajuar	596
15093	amueblado	596
15094	antílope	596
15095	bey	596
15096	comarcal	596
15097	equino	596
15098	expresionismo	596
15099	fosfato	596
15100	glorieta	596
15101	graciosísimo	596
15102	kebab	596
15103	polio	596
15104	politizar	596
15105	propano	596
15106	surtidor	596
15107	taciturno	596
15108	telepático	596
15109	torreón	596
15110	trastocar	596
15111	vasito	596
15112	aparejado	595
15113	blanqueo	595
15114	campera	595
15115	carromato	595
15116	contragolpe	595
15117	cotillear	595
15118	demencial	595
15119	dojo	595
15120	ennegrecer	595
15121	fregado	595
15122	patineta	595
15123	queroseno	595
15124	receloso	595
15125	topográfico	595
15126	adjuntar	594
15127	aeróbico	594
15128	amalgama	594
15129	brillantemente	594
15130	cojera	594
15131	confiscación	594
15132	infortunado	594
15133	mesada	594
15134	opresivo	594
15135	polímero	594
15136	regulado	594
15137	replicante	594
15138	sectario	594
15139	subsidiar	594
15140	ahogamiento	593
15141	astrofísica	593
15142	bronquitis	593
15143	cotizado	593
15144	envasado	593
15145	esclarecimiento	593
15146	gilda	593
15147	gupta	593
15148	inanimado	593
15149	máster	593
15150	oncología	593
15151	pasador	593
15152	repensar	593
15153	abducir	592
15154	deficitario	592
15155	exorcizar	592
15156	grapa	592
15157	mensualmente	592
15158	protuberancia	592
15159	reminiscencia	592
15160	romería	592
15161	tétanos	592
15162	vegetar	592
15163	PUF	591
15164	agraviar	591
15165	caniche	591
15166	caserón	591
15167	dilación	591
15168	exculpar	591
15169	inciso	591
15170	magullar	591
15171	míster	591
15172	rebatir	591
15173	repatriar	591
15174	repulsión	591
15175	ateniense	590
15176	babuino	590
15177	clarividente	590
15178	lucido	590
15179	modernismo	590
15180	piropo	590
15181	poroto	590
15182	pícolo	590
15183	abdicar	589
15184	benemérito	589
15185	correligionario	589
15186	desfavorecido	589
15187	entrevistado	589
15188	erudición	589
15189	fauce	589
15190	hemorrágico	589
15191	inexorablemente	589
15192	parador	589
15193	reggae	589
15194	rotonda	589
15195	softball	589
15196	comunero	588
15197	descentralizado	588
15198	grosso	588
15199	impopular	588
15200	marlo	588
15201	neoliberalismo	588
15202	pelícano	588
15203	promiscuidad	588
15204	tobillera	588
15205	yermo	588
15206	agasajar	587
15207	albaricoque	587
15208	desenchufar	587
15209	estibador	587
15210	goleada	587
15211	hastío	587
15212	inviable	587
15213	punzada	587
15214	regionalista	587
15215	retardar	587
15216	subsistema	587
15217	vallar	587
15218	veraneo	587
15219	bocón	586
15220	descarnado	586
15221	desértico	586
15222	enraizar	586
15223	galpón	586
15224	ladino	586
15225	mecánicamente	586
15226	mocasín	586
15227	negatividad	586
15228	patíbulo	586
15229	tintura	586
15230	vedado	586
15231	campar	585
15232	centrífugo	585
15233	cosquilleo	585
15234	crispación	585
15235	despotricar	585
15236	devorador	585
15237	estrangulamiento	585
15238	estúpidamente	585
15239	paliativo	585
15240	primerizo	585
15241	seccional	585
15242	short	585
15243	telefonista	585
15244	aparejo	584
15245	compraventa	584
15246	desolador	584
15247	espesar	584
15248	ideólogo	584
15249	inconstitucionalidad	584
15250	insomne	584
15251	lavandera	584
15252	maleficio	584
15253	seropositivo	584
15254	tweet	584
15255	umbría	584
15256	anfiteatro	583
15257	anticuario	583
15258	carraspear	583
15259	desmantelado	583
15260	electrolito	583
15261	indistinto	583
15262	insustituible	583
15263	sembrada	583
15264	blanquecino	582
15265	chabola	582
15266	excentricidad	582
15267	garabatear	582
15268	holográfico	582
15269	lamentación	582
15270	relojería	582
15271	rockear	582
15272	comezón	581
15273	cunda	581
15274	enzimático	581
15275	felice	581
15276	grisáceo	581
15277	génico	581
15278	libertino	581
15279	pensante	581
15280	químicamente	581
15281	shopping	581
15282	susceptibilidad	581
15283	ventral	581
15284	acomodo	580
15285	apología	580
15286	cercenar	580
15287	esbirro	580
15288	gesticular	580
15289	góndola	580
15290	hortera	580
15291	noria	580
15292	noticioso	580
15293	ostentación	580
15294	pasamontañas	580
15295	positivismo	580
15296	postulante	580
15297	desvelo	579
15298	edredón	579
15299	implícitamente	579
15300	malograr	579
15301	migrar	579
15302	racionar	579
15303	vicesecretario	579
15304	antagonismo	578
15305	autostop	578
15306	brebaje	578
15307	cantautor	578
15308	claustrofobia	578
15309	contestadora	578
15310	debacle	578
15311	ecuestre	578
15312	inexplorado	578
15313	intangible	578
15314	litografía	578
15315	simbólicamente	578
15316	birlar	577
15317	bowling	577
15318	bíceps	577
15319	capitanear	577
15320	cruelmente	577
15321	humanizar	577
15322	introvertido	577
15323	machismo	577
15324	poroso	577
15325	pragmatismo	577
15326	rosal	577
15327	voluptuoso	577
15328	arraigo	576
15329	cortical	576
15330	ensordecedor	576
15331	factorial	576
15332	inconsistente	576
15333	islamista	576
15334	jauría	576
15335	lis	576
15336	militarmente	576
15337	mofar	576
15338	promulgación	576
15339	regadera	576
15340	soslayar	576
15341	teletransportar	576
15342	abate	575
15343	aprensión	575
15344	bagre	575
15345	correctivo	575
15346	envolvente	575
15347	esplendoroso	575
15348	llanamente	575
15349	motorizado	575
15350	pijo	575
15351	repostar	575
15352	sincerar	575
15353	sulfuro	575
15354	abedul	574
15355	almacenaje	574
15356	autografiar	574
15357	compilar	574
15358	desprestigio	574
15359	disparidad	574
15360	egeo	574
15361	enajenación	574
15362	librito	574
15363	modestamente	574
15364	postulación	574
15365	princesita	574
15366	recusar	574
15367	veneración	574
15368	accesibilidad	573
15369	celulosa	573
15370	entendible	573
15371	moratoria	573
15372	notoriamente	573
15373	pueril	573
15374	salami	573
15375	vacacional	573
15376	vehemente	573
15377	amazona	572
15378	anotador	572
15379	canibalismo	572
15380	diáfano	572
15381	escabroso	572
15382	faldero	572
15383	fibroso	572
15384	funky	572
15385	gafe	572
15386	inexacto	572
15387	jingle	572
15388	psicodélico	572
15389	GAO	571
15390	acacia	571
15391	afamado	571
15392	cohorte	571
15393	cónclave	571
15394	dirigible	571
15395	explicable	571
15396	hinojo	571
15397	jurídicamente	571
15398	leño	571
15399	nogal	571
15400	pequeñísimo	571
15401	perno	571
15402	resbaloso	571
15403	riff	571
15404	vaporizar	571
15405	agro	570
15406	alcalino	570
15407	bemol	570
15408	canasto	570
15409	correlacionar	570
15410	detentar	570
15411	engalanar	570
15412	positivista	570
15413	precolombino	570
15414	secretariado	570
15415	sima	570
15416	sorbete	570
15417	turrón	570
15418	bazuca	569
15419	desembolsar	569
15420	desguace	569
15421	dopar	569
15422	ensayista	569
15423	favoritismo	569
15424	inoxidable	569
15425	meteorólogo	569
15426	panceta	569
15427	ridiculez	569
15428	derechazo	568
15429	feminidad	568
15430	idilio	568
15431	reciprocidad	568
15432	reivindicativo	568
15433	sepulturero	568
15434	thai	568
15435	atropina	567
15436	auténticamente	567
15437	balonmano	567
15438	condensador	567
15439	dicotomía	567
15440	glacial	567
15441	muchachote	567
15442	periplo	567
15443	reconvertir	567
15444	retraído	567
15445	viraje	567
15446	clandestinamente	566
15447	desfibrilador	566
15448	distrital	566
15449	justicialista	566
15450	revender	566
15451	sacerdotal	566
15452	tamil	566
15453	tripartito	566
15454	alcista	565
15455	curador	565
15456	decisivamente	565
15457	desorientar	565
15458	desánimo	565
15459	estrechez	565
15460	hostigamiento	565
15461	infatigable	565
15462	moqueta	565
15463	paleontología	565
15464	periscopio	565
15465	trenzar	565
15466	FC	564
15467	atravesado	564
15468	circuncidar	564
15469	coloquial	564
15470	contrariedad	564
15471	dueto	564
15472	escayola	564
15473	exhibicionista	564
15474	exorcista	564
15475	gotita	564
15476	inexplicablemente	564
15477	mosquear	564
15478	paleontólogo	564
15479	sarta	564
15480	simplificado	564
15481	visa	564
15482	aletear	563
15483	episcopado	563
15484	flash	563
15485	hervor	563
15486	ineficiente	563
15487	planchado	563
15488	preconizar	563
15489	presupuestar	563
15490	sobrecogedor	563
15491	tomo	563
15492	tranqui	563
15493	abducción	562
15494	ansiosamente	562
15495	circulante	562
15496	corsario	562
15497	desenvolvimiento	562
15498	esparcimiento	562
15499	gendarmería	562
15500	gravitar	562
15501	iracundo	562
15502	leva	562
15503	machote	562
15504	mojito	562
15505	recapitular	562
15506	acelga	561
15507	cajetilla	561
15508	disquera	561
15509	diácono	561
15510	edicto	561
15511	empotrar	561
15512	fortificación	561
15513	mazorca	561
15514	nalgada	561
15515	paralizante	561
15516	pérfido	561
15517	quirúrgicamente	561
15518	recorrida	561
15519	relojero	561
15520	tonel	561
15521	desenvainar	560
15522	doblaje	560
15523	expresionista	560
15524	guerrista	560
15525	hilar	560
15526	muérdago	560
15527	pederasta	560
15528	pedicuro	560
15529	pinball	560
15530	profundización	560
15531	retraer	560
15532	tanteo	560
15533	analfabetismo	559
15534	anteanoche	559
15535	caballeriza	559
15536	cazafantasmas	559
15537	cortadora	559
15538	críptico	559
15539	nucleótido	559
15540	piqué	559
15541	proscrito	559
15542	pyme	559
15543	raer	559
15544	relajo	559
15545	religiosidad	559
15546	talonario	559
15547	campanita	558
15548	centésimo	558
15549	deferencia	558
15550	embate	558
15551	enumeración	558
15552	frontón	558
15553	huno	558
15554	liquen	558
15555	listín	558
15556	mandamás	558
15557	mousse	558
15558	refunfuñar	558
15559	sorpresivamente	558
15560	tintineo	558
15561	topless	558
15562	touché	558
15563	lalar	557
15564	metafóricamente	557
15565	obstetricia	557
15566	palurdo	557
15567	parental	557
15568	premura	557
15569	rider	557
15570	acumulativo	556
15571	anticorrupción	556
15572	convidar	556
15573	estacionario	556
15574	explotador	556
15575	imperturbable	556
15576	observable	556
15577	pastizal	556
15578	pinzón	556
15579	carretero	555
15580	expresidente	555
15581	fibrilación	555
15582	filisteo	555
15583	fisión	555
15584	insistentemente	555
15585	mensajería	555
15586	negrata	555
15587	oratorio	555
15588	perdidamente	555
15589	petulante	555
15590	regaliz	555
15591	BAE	554
15592	abaratar	554
15593	arrendatario	554
15594	baluarte	554
15595	carroñero	554
15596	chapado	554
15597	compensatorio	554
15598	ostensible	554
15599	reguero	554
15600	retroalimentación	554
15601	siderúrgico	554
15602	universalmente	554
15603	zarza	554
15604	cachete	553
15605	carmín	553
15606	famélico	553
15607	felpudo	553
15608	indoloro	553
15609	jordano	553
15610	moderadamente	553
15611	pirineo	553
15612	previsiblemente	553
15613	abanicar	552
15614	bisnieto	552
15615	bruces	552
15616	caracter	552
15617	consolación	552
15618	intercepción	552
15619	jacks	552
15620	pigmeo	552
15621	trocar	552
15622	alondra	551
15623	cartulina	551
15624	clasificatorio	551
15625	espetar	551
15626	improcedente	551
15627	monográfico	551
15628	otoñal	551
15629	picota	551
15630	tridente	551
15631	botox	550
15632	desvarío	550
15633	dispensario	550
15634	elegantemente	550
15635	enema	550
15636	escondrijo	550
15637	etíope	550
15638	gajo	550
15639	gravamen	550
15640	habichuela	550
15641	loable	550
15642	napa	550
15643	napoleónico	550
15644	parroquiano	550
15645	portentoso	550
15646	velozmente	550
15647	atiborrar	549
15648	chupete	549
15649	conga	549
15650	esfínter	549
15651	hampa	549
15652	increpar	549
15653	inferencia	549
15654	pavoroso	549
15655	recalar	549
15656	rechoncho	549
15657	rob	549
15658	Xbox	548
15659	cegador	548
15660	desocupar	548
15661	fidedigno	548
15662	filántropo	548
15663	pistón	548
15664	prehispánico	548
15665	rectal	548
15666	rezagado	548
15667	asombrosamente	547
15668	destronar	547
15669	dodo	547
15670	enterrador	547
15671	inconsistencia	547
15672	longevidad	547
15673	masonería	547
15674	mat	547
15675	ominoso	547
15676	opulento	547
15677	trepador	547
15678	claustrofóbico	546
15679	contrarrevolucionario	546
15680	depurado	546
15681	incontinencia	546
15682	junior	546
15683	oriundo	546
15684	precisado	546
15685	repostería	546
15686	somero	546
15687	antipatía	545
15688	calcomanía	545
15689	flechazo	545
15690	florido	545
15691	gaditano	545
15692	incubación	545
15693	misticismo	545
15694	médicamente	545
15695	pegarse	545
15696	reeditar	545
15697	bocota	544
15698	compañerismo	544
15699	culebrón	544
15700	grill	544
15701	hoyuelo	544
15702	literato	544
15703	maderero	544
15704	narcisismo	544
15705	radicalizar	544
15706	sito	544
15707	biósfera	543
15708	butano	543
15709	cacarear	543
15710	callejuela	543
15711	descalabro	543
15712	ebriedad	543
15713	fatalmente	543
15714	honorífico	543
15715	oída	543
15716	peregrinaje	543
15717	polideportivo	543
15718	sobremanera	543
15719	suspicaz	543
15720	trillado	543
15721	Chacho	542
15722	antítesis	542
15723	avenir	542
15724	brusquedad	542
15725	carburante	542
15726	descolorido	542
15727	devastar	542
15728	erizar	542
15729	fulgurante	542
15730	inteligible	542
15731	intransigencia	542
15732	mangar	542
15733	vigésimo	542
15734	zafra	542
15735	2o	541
15736	bodegón	541
15737	chapuzón	541
15738	desaceleración	541
15739	desvariar	541
15740	inseminación	541
15741	mino	541
15742	mímica	541
15743	nevada	541
15744	pavada	541
15745	prensar	541
15746	rivalizar	541
15747	sintáctico	541
15748	zancada	541
15749	banner	540
15750	barcelonista	540
15751	besuquear	540
15752	cascarrabias	540
15753	colectivamente	540
15754	desequilibrar	540
15755	desfase	540
15756	enanito	540
15757	lelo	540
15758	postrar	540
15759	pudin	540
15760	putrefacto	540
15761	sonoridad	540
15762	subgrupo	540
15763	sustentable	540
15764	terquedad	540
15765	ahorcamiento	539
15766	glaucoma	539
15767	manotazo	539
15768	motivador	539
15769	subproducto	539
15770	titiritero	539
15771	chamuscado	538
15772	drago	538
15773	electrificar	538
15774	embriagado	538
15775	ensamblaje	538
15776	filón	538
15777	guisa	538
15778	marcación	538
15779	peluquín	538
15780	vasectomía	538
15781	ventisca	538
15782	asustadizo	537
15783	chiquitín	537
15784	cirrosis	537
15785	ecléctico	537
15786	felipismo	537
15787	garrafa	537
15788	incriminatorio	537
15789	inculto	537
15790	obligatoriedad	537
15791	pajero	537
15792	piensar	537
15793	pretemporada	537
15794	sordera	537
15795	trampilla	537
15796	alcahuete	536
15797	bambalina	536
15798	cuchillada	536
15799	desbordante	536
15800	enmedio	536
15801	flaqueza	536
15802	invulnerable	536
15803	racionalismo	536
15804	subyugar	536
15805	caminero	535
15806	celibato	535
15807	decimonónico	535
15808	depreciación	535
15809	estero	535
15810	lacio	535
15811	lombardo	535
15812	personificación	535
15813	petroquímica	535
15814	sobaco	535
15815	tinaja	535
15816	vergonzante	535
15817	abocar	534
15818	abrasador	534
15819	alucinógeno	534
15820	automovilismo	534
15821	contraparte	534
15822	deshonor	534
15823	distal	534
15824	flanqueado	534
15825	intercomunicador	534
15826	occipital	534
15827	poderosamente	534
15828	sionista	534
15829	trasvase	534
15830	agónico	533
15831	anoréxico	533
15832	antidemocrático	533
15833	arquidiócesis	533
15834	banano	533
15835	debilitamiento	533
15836	escarpado	533
15837	filosofal	533
15838	led	533
15839	ponderado	533
15840	recesivo	533
15841	riba	533
15842	sabino	533
15843	saturar	533
15844	semanalmente	533
15845	sensibilización	533
15846	sistólico	533
15847	abreviatura	532
15848	anémico	532
15849	bravucón	532
15850	definitorio	532
15851	delfina	532
15852	despotismo	532
15853	drogadicción	532
15854	fundo	532
15855	homologación	532
15856	indescifrable	532
15857	madrazo	532
15858	obús	532
15859	resarcir	532
15860	à	532
15861	a regañadientes	531
15862	aserrín	531
15863	cave	531
15864	coaccionar	531
15865	confeso	531
15866	confinar	531
15867	curvado	531
15868	en flagrante	531
15869	enfático	531
15870	expedicionario	531
15871	notarial	531
15872	perentorio	531
15873	preexistente	531
15874	tenazas	531
15875	usurpador	531
15876	adolecer	530
15877	atemorizante	530
15878	bananero	530
15879	catapulta	530
15880	deflector	530
15881	dragar	530
15882	elegible	530
15883	emprendimiento	530
15884	esclarecedor	530
15885	fétido	530
15886	incandescente	530
15887	innovar	530
15888	manufacturero	530
15889	marrano	530
15890	referencial	530
15891	autodestruirse	529
15892	calvo	529
15893	colágeno	529
15894	enseres	529
15895	glotón	529
15896	iconografía	529
15897	lanzallamas	529
15898	lastimoso	529
15899	maquis	529
15900	oficioso	529
15901	perdurable	529
15902	plagiar	529
15903	ridículamente	529
15904	tacho	529
15905	tétrico	529
15906	anteceder	528
15907	atenuantes	528
15908	canalización	528
15909	cañaveral	528
15910	desenredar	528
15911	empalmar	528
15912	impunemente	528
15913	intermediación	528
15914	muñón	528
15915	rabiar	528
15916	ruinoso	528
15917	solidarizar	528
15918	TSE	527
15919	anclaje	527
15920	bretón	527
15921	catana	527
15922	cenit	527
15923	colérico	527
15924	compendio	527
15925	contrapeso	527
15926	expresividad	527
15927	godo	527
15928	proverbial	527
15929	regadío	527
15930	trituradora	527
15931	albatros	526
15932	andadura	526
15933	apartheid	526
15934	bongo	526
15935	concurrido	526
15936	cosmonauta	526
15937	despilfarrar	526
15938	dineral	526
15939	ejido	526
15940	ele	526
15941	galeón	526
15942	hermosísimo	526
15943	ketamina	526
15944	mantis	526
15945	preceptivo	526
15946	termostato	526
15947	unánimemente	526
15948	ventosa	526
15949	vulva	526
15950	zapatería	526
15951	bifurcación	525
15952	conminar	525
15953	disertación	525
15954	endosar	525
15955	hacinamiento	525
15956	impronta	525
15957	ontológico	525
15958	ovalado	525
15959	parafernalia	525
15960	plantón	525
15961	propóleo	525
15962	serotonina	525
15963	sirenita	525
15964	tapicería	525
15965	adherencia	524
15966	caballa	524
15967	concurrente	524
15968	cuchichear	524
15969	desdeñoso	524
15970	desviado	524
15971	esclavista	524
15972	galo	524
15973	prospección	524
15974	reflujo	524
15975	señalamiento	524
15976	sindicado	524
15977	acunar	523
15978	arbitral	523
15979	arremolinar	523
15980	deceso	523
15981	embotellamiento	523
15982	figurita	523
15983	heterodoxo	523
15984	inteligentemente	523
15985	nenita	523
15986	apático	522
15987	circuncisión	522
15988	cónico	522
15989	fragua	522
15990	incongruencia	522
15991	insulso	522
15992	maese	522
15993	obelisco	522
15994	ramificar	522
15995	sepia	522
15996	símil	522
15997	SAI	521
15998	acopio	521
15999	aluvión	521
16000	colita	521
16001	cotidianidad	521
16002	goloso	521
16003	matemáticamente	521
16004	tasar	521
16005	tributar	521
16006	visera	521
16007	desamor	520
16008	desmán	520
16009	encerar	520
16010	escaquear	520
16011	fundamentalista	520
16012	inexcusable	520
16013	mensualidad	520
16014	repulsar	520
16015	runa	520
16016	rupestre	520
16017	ajusticiar	519
16018	amortizar	519
16019	botica	519
16020	caballerosidad	519
16021	ducto	519
16022	empapelar	519
16023	geranio	519
16024	sagrario	519
16025	soviet	519
16026	ultranza	519
16027	autogobierno	518
16028	biológicamente	518
16029	congruente	518
16030	felar	518
16031	homogeneidad	518
16032	jubiloso	518
16033	lonja	518
16034	malogrado	518
16035	periodicidad	518
16036	podredumbre	518
16037	titubeo	518
16038	torrar	518
16039	totalitarismo	518
16040	viciado	518
16041	atenazar	517
16042	barbitúrico	517
16043	cachemir	517
16044	cachondeo	517
16045	cosmética	517
16046	cuadrícula	517
16047	finísimo	517
16048	inconformidad	517
16049	interconexión	517
16050	interpelación	517
16051	manufacturar	517
16052	meticulosamente	517
16053	mirlo	517
16054	nao	517
16055	restorán	517
16056	soldadura	517
16057	tabloide	517
16058	utilizable	517
16059	arcón	516
16060	cerámico	516
16061	cielito	516
16062	dominador	516
16063	encriptación	516
16064	fundamentalismo	516
16065	furtivamente	516
16066	granate	516
16067	hibernación	516
16068	indecible	516
16069	insondable	516
16070	lerdo	516
16071	lloriqueo	516
16072	lucecita	516
16073	plancton	516
16074	posicionamiento	516
16075	prefabricado	516
16076	sustitutivo	516
16077	trastero	516
16078	aceitar	515
16079	agrietado	515
16080	alhaja	515
16081	arbóreo	515
16082	armero	515
16083	atrofiar	515
16084	beneplácito	515
16085	herbáceo	515
16086	hándicap	515
16087	melaza	515
16088	negrura	515
16089	salar	515
16090	tradicionalista	515
16091	altanero	514
16092	atalaya	514
16093	checheno	514
16094	demacrado	514
16095	frígido	514
16096	jab	514
16097	mullido	514
16098	petaca	514
16099	picador	514
16100	putrefacción	514
16101	standing	514
16102	brasilero	513
16103	congoja	513
16104	florecimiento	513
16105	gradiente	513
16106	herbicida	513
16107	lampar	513
16108	purificador	513
16109	salchichón	513
16110	cubismo	512
16111	descrédito	512
16112	escindir	512
16113	hache	512
16114	impresor	512
16115	lancero	512
16116	malsano	512
16117	marchante	512
16118	otorgamiento	512
16119	prestador	512
16120	providencial	512
16121	tangente	512
16122	transpiración	512
16123	agujereado	511
16124	amotinar	511
16125	ascua	511
16126	benevolente	511
16127	chorrito	511
16128	deslealtad	511
16129	impugnación	511
16130	incitación	511
16131	parafrasear	511
16132	pedrada	511
16133	psicosocial	511
16134	trajín	511
16135	vigués	511
16136	acondicionamiento	510
16137	agreste	510
16138	choclo	510
16139	choco	510
16140	electrocardiograma	510
16141	gag	510
16142	gaje	510
16143	nica	510
16144	perchero	510
16145	peñasco	510
16146	redundancia	510
16147	tercermundista	510
16148	acaudalado	509
16149	acequia	509
16150	afiliar	509
16151	apadrinar	509
16152	cordialmente	509
16153	dimensional	509
16154	espiritismo	509
16155	homenajear	509
16156	ideario	509
16157	lidocaína	509
16158	ligue	509
16159	ortiga	509
16160	perfeccionista	509
16161	rasguñar	509
16162	sódico	509
16163	tutoría	509
16164	agujerear	508
16165	audífono	508
16166	cazarrecompensas	508
16167	diplomado	508
16168	fragante	508
16169	kiwi	508
16170	lívido	508
16171	organigrama	508
16172	subcampeón	508
16173	autodestructivo	507
16174	billonario	507
16175	camarín	507
16176	chamaco	507
16177	confeti	507
16178	desempolvar	507
16179	detallista	507
16180	floristería	507
16181	nance	507
16182	ovulación	507
16183	pedida	507
16184	pudding	507
16185	subteniente	507
16186	tuba	507
16187	abnegado	506
16188	arcade	506
16189	copular	506
16190	dignamente	506
16191	guardameta	506
16192	mutismo	506
16193	polisario	506
16194	popularmente	506
16195	potrero	506
16196	reumatismo	506
16197	rugoso	506
16198	segador	506
16199	sorna	506
16200	subliminal	506
16201	tena	506
16202	tetar	506
16203	acondicionador	505
16204	almanaque	505
16205	arrebatado	505
16206	cucú	505
16207	enriquecedor	505
16208	extrovertido	505
16209	irreductible	505
16210	lechón	505
16211	masónico	505
16212	medicinar	505
16213	penalidad	505
16214	selfie	505
16215	tebeo	505
16216	tintinear	505
16217	ambientalista	504
16218	bardo	504
16219	compota	504
16220	finura	504
16221	flagelo	504
16222	interiormente	504
16223	labia	504
16224	membrillo	504
16225	mica	504
16226	milanés	504
16227	minucia	504
16228	necrosis	504
16229	nuncio	504
16230	plasmático	504
16231	simbar	504
16232	torpemente	504
16233	vagabundear	504
16234	EGB	503
16235	apósito	503
16236	bio	503
16237	cachear	503
16238	discontinuo	503
16239	entrecerrar	503
16240	espesura	503
16241	exprés	503
16242	ferozmente	503
16243	indomable	503
16244	megáfono	503
16245	nitroglicerina	503
16246	rededor	503
16247	ultrajar	503
16248	ceca	502
16249	deal	502
16250	débilmente	502
16251	embobar	502
16252	escocer	502
16253	montecito	502
16254	reformular	502
16255	votada	502
16256	bilbaíno	501
16257	comisura	501
16258	cum	501
16259	decapitación	501
16260	despeinado	501
16261	fraccionar	501
16262	madama	501
16263	meollo	501
16264	musicalmente	501
16265	spam	501
16266	viruta	501
16267	cotilla	500
16268	hipotálamo	500
16269	juntamente	500
16270	metraje	500
16271	morbilidad	500
16272	oreo	500
16273	raquítico	500
16274	reforzamiento	500
16275	anodino	499
16276	aspaviento	499
16277	bet	499
16278	cantero	499
16279	caradura	499
16280	castell	499
16281	consentido	499
16282	excelso	499
16283	inaudible	499
16284	institucionalización	499
16285	loncha	499
16286	madrigal	499
16287	neurocirugía	499
16288	problemilla	499
16289	refriega	499
16290	solícito	499
16291	telegrafiar	499
16292	tictac	499
16293	trivialidad	499
16294	zodíaco	499
16295	RCP	498
16296	abolladura	498
16297	apnea	498
16298	clasicismo	498
16299	deshonroso	498
16300	emanación	498
16301	erizado	498
16302	gratinar	498
16303	maga	498
16304	mequetrefe	498
16305	neurotransmisor	498
16306	nomenclatura	498
16307	partición	498
16308	retracción	498
16309	sopor	498
16310	sumidero	498
16311	Candelaria	497
16312	chambelán	497
16313	concéntrico	497
16314	dancing	497
16315	desavenencia	497
16316	desconexión	497
16317	ineficiencia	497
16318	infertilidad	497
16319	insoluble	497
16320	moderador	497
16321	quintal	497
16322	remoción	497
16323	ripeado	497
16324	alfabetización	496
16325	ariete	496
16326	centralita	496
16327	chon	496
16328	copado	496
16329	empaquetado	496
16330	incesantemente	496
16331	jaqueo	496
16332	levita	496
16333	novelesco	496
16334	penado	496
16335	plumaje	496
16336	pub	496
16337	rezumar	496
16338	alfalfa	495
16339	arbolito	495
16340	aviar	495
16341	desinformación	495
16342	lactante	495
16343	lolo	495
16344	mirilla	495
16345	obligatoriamente	495
16346	oboe	495
16347	opacar	495
16348	peque	495
16349	primordialmente	495
16350	rubricar	495
16351	simbionte	495
16352	trompo	495
16353	zorrilla	495
16354	arriero	494
16355	banderilla	494
16356	capitulación	494
16357	dispensa	494
16358	esquela	494
16359	falo	494
16360	interpelar	494
16361	jamaiquino	494
16362	parsimonia	494
16363	pateo	494
16364	reputado	494
16365	resurgimiento	494
16366	retroactivo	494
16367	subespecie	494
16368	banalidad	493
16369	cardio	493
16370	chatear	493
16371	computacional	493
16372	decreciente	493
16373	descontrol	493
16374	destilería	493
16375	oncólogo	493
16376	paper	493
16377	plomería	493
16378	postear	493
16379	reclutador	493
16380	sayonara	493
16381	saña	493
16382	solomillo	493
16383	tacha	493
16384	tarántula	493
16385	zapallo	493
16386	accionario	492
16387	amainar	492
16388	armadillo	492
16389	carcomer	492
16390	estrepitoso	492
16391	exmujer	492
16392	fatuo	492
16393	inmemorial	492
16394	lustroso	492
16395	pormenorizado	492
16396	retracto	492
16397	revolcón	492
16398	subordinar	492
16399	virulento	492
16400	dinar	491
16401	disentería	491
16402	jadeante	491
16403	recatear	491
16404	reencarnar	491
16405	solidificar	491
16406	atrancar	490
16407	automatización	490
16408	binomio	490
16409	boreal	490
16410	capitanía	490
16411	débito	490
16412	fáctico	490
16413	inmunodeficiencia	490
16414	mam	490
16415	natura	490
16416	perfumar	490
16417	personalizar	490
16418	saltón	490
16419	sebo	490
16420	toquetear	490
16421	tribuno	490
16422	bichito	489
16423	boquita	489
16424	declinación	489
16425	depto	489
16426	desplome	489
16427	estetoscopio	489
16428	flotación	489
16429	fondue	489
16430	sacacorchos	489
16431	sacramento	489
16432	arlequín	488
16433	epitafio	488
16434	epitelial	488
16435	indivisible	488
16436	lab	488
16437	lubricar	488
16438	alusivo	487
16439	anglo	487
16440	clavija	487
16441	coronilla	487
16442	descorchar	487
16443	encumbrar	487
16444	foxtrot	487
16445	piramidal	487
16446	preponderante	487
16447	retrovirus	487
16448	terminante	487
16449	trajeado	487
16450	tranca	487
16451	transmutación	487
16452	validación	487
16453	TAG	486
16454	alicate	486
16455	balbuceo	486
16456	carbónico	486
16457	despiste	486
16458	escolástico	486
16459	intempestivo	486
16460	inusualmente	486
16461	invisibilidad	486
16462	listar	486
16463	pelón	486
16464	pervivir	486
16465	poza	486
16466	principiar	486
16467	privativo	486
16468	reajustar	486
16469	salvedad	486
16470	somnoliento	486
16471	tantísimo	486
16472	Nintendo	485
16473	affaire	485
16474	añadidura	485
16475	biombo	485
16476	consumismo	485
16477	conversador	485
16478	desobediente	485
16479	encapricharse	485
16480	escabeche	485
16481	extrapolar	485
16482	geek	485
16483	lésbico	485
16484	malnacido	485
16485	semidesnudo	485
16486	trémulo	485
16487	LP	484
16488	crupier	484
16489	dopaje	484
16490	habsburgo	484
16491	indefensión	484
16492	ladronzuelo	484
16493	marisma	484
16494	mojón	484
16495	suficiencia	484
16496	aguar	483
16497	atracón	483
16498	atribuible	483
16499	borrasca	483
16500	brunch	483
16501	colchoneta	483
16502	conector	483
16503	consternación	483
16504	dignificar	483
16505	eurodiputado	483
16506	furcia	483
16507	habilitación	483
16508	incauto	483
16509	inventiva	483
16510	materialmente	483
16511	ovillo	483
16512	pava	483
16513	pujante	483
16514	puntito	483
16515	skinhead	483
16516	bellaco	482
16517	capota	482
16518	casamentero	482
16519	desocupación	482
16520	imprecisión	482
16521	leninista	482
16522	meneo	482
16523	pívot	482
16524	satén	482
16525	verticalmente	482
16526	álgido	482
16527	agrietar	481
16528	caballete	481
16529	celuloide	481
16530	desfachatez	481
16531	desgana	481
16532	férula	481
16533	genotipo	481
16534	heladería	481
16535	potenciación	481
16536	roche	481
16537	tape	481
16538	translúcido	481
16539	versatilidad	481
16540	voluble	481
16541	calentura	480
16542	digitalizar	480
16543	embelesar	480
16544	enajenado	480
16545	entretejer	480
16546	exasperante	480
16547	exponencial	480
16548	fustigar	480
16549	gap	480
16550	genetista	480
16551	miramiento	480
16552	peregrinar	480
16553	poso	480
16554	radioterapia	480
16555	rapear	480
16556	rever	480
16557	separador	480
16558	yak	480
16559	alegórico	479
16560	amniótico	479
16561	casquete	479
16562	educando	479
16563	escurrido	479
16564	loli	479
16565	obertura	479
16566	ofuscar	479
16567	pantanoso	479
16568	precandidato	479
16569	quechua	479
16570	rencilla	479
16571	tiritar	479
16572	afeitada	478
16573	alforja	478
16574	armonización	478
16575	cartesiano	478
16576	casucha	478
16577	desnutrido	478
16578	escolaridad	478
16579	excomulgar	478
16580	feeling	478
16581	modulación	478
16582	saltarín	478
16583	sinnúmero	478
16584	acertadamente	477
16585	acomodador	477
16586	afincado	477
16587	desacreditado	477
16588	egreso	477
16589	humanístico	477
16590	idiosincrasia	477
16591	lingüista	477
16592	paracaidismo	477
16593	perecedero	477
16594	pesadez	477
16595	peto	477
16596	repartición	477
16597	rotulador	477
16598	staff	477
16599	terraplén	477
16600	desaprobación	476
16601	descompresión	476
16602	encasillar	476
16603	florentino	476
16604	fólico	476
16605	refracción	476
16606	rúbrica	476
16607	vivamente	476
16608	viñeta	476
16609	airbag	475
16610	andrajoso	475
16611	cuartilla	475
16612	estrangulación	475
16613	gamuza	475
16614	inexpugnable	475
16615	misógino	475
16616	zurcir	475
16617	aristotélico	474
16618	caché	474
16619	canilla	474
16620	desencajar	474
16621	entremés	474
16622	guepardo	474
16623	incomunicación	474
16624	jugarreta	474
16625	libertinaje	474
16626	menosprecio	474
16627	negrita	474
16628	ni siquiera	474
16629	obispado	474
16630	oportunismo	474
16631	pajear	474
16632	ruego	474
16633	salteado	474
16634	zarigüeya	474
16635	anonadado	473
16636	antisemitismo	473
16637	apuñalamiento	473
16638	bula	473
16639	calvicie	473
16640	conjuntivitis	473
16641	derrotero	473
16642	jornal	473
16643	susodicho	473
16644	acólito	472
16645	apesadumbrado	472
16646	corregidor	472
16647	depositario	472
16648	desaforado	472
16649	felipista	472
16650	pardillo	472
16651	superdotado	472
16652	zulú	472
16653	chistar	471
16654	confitería	471
16655	crudeza	471
16656	desparpajo	471
16657	encamar	471
16658	flamingo	471
16659	focalizar	471
16660	foie	471
16661	gramófono	471
16662	hiperactivo	471
16663	indeleble	471
16664	ingratitud	471
16665	linde	471
16666	magnánimo	471
16667	magníficamente	471
16668	maquinación	471
16669	navy	471
16670	pavimentar	471
16671	piojoso	471
16672	putear	471
16673	rebuscado	471
16674	romo	471
16675	tipografía	471
16676	demagógico	470
16677	dátil	470
16678	empinar	470
16679	empujoncito	470
16680	enclavar	470
16681	gardenia	470
16682	honradamente	470
16683	personero	470
16684	socorrista	470
16685	sombreado	470
16686	taimado	470
16687	traspié	470
16688	celosamente	469
16689	charada	469
16690	desempate	469
16691	hippy	469
16692	homilía	469
16693	obtuso	469
16694	penitente	469
16695	plácido	469
16696	terna	469
16697	vivito	469
16698	zigzag	469
16699	caerle	468
16700	cagón	468
16701	compresor	468
16702	eccema	468
16703	herbívoro	468
16704	majar	468
16705	petate	468
16706	rótula	468
16707	IG	467
16708	alano	467
16709	anticomunista	467
16710	atribular	467
16711	camelia	467
16712	crisantemo	467
16713	depravación	467
16714	filosofar	467
16715	iniciador	467
16716	mutual	467
16717	papelería	467
16718	puaj	467
16719	robledo	467
16720	sachar	467
16721	sordomudo	467
16722	vaho	467
16723	abigarrado	466
16724	arrullar	466
16725	cautivador	466
16726	contraindicación	466
16727	deshielo	466
16728	espectacularmente	466
16729	genealogía	466
16730	homenajeado	466
16731	intensificación	466
16732	mellado	466
16733	miura	466
16734	novatada	466
16735	novillero	466
16736	numeración	466
16737	olvidadizo	466
16738	pesadamente	466
16739	reunificación	466
16740	tragaperras	466
16741	tuna	466
16742	abotonar	465
16743	anclar	465
16744	beicon	465
16745	bronquial	465
16746	cavilar	465
16747	desplante	465
16748	empresariado	465
16749	equis	465
16750	inminencia	465
16751	intergaláctico	465
16752	ironizar	465
16753	levitar	465
16754	napalm	465
16755	nenaza	465
16756	nona	465
16757	proporcionalmente	465
16758	querubín	465
16759	rasta	465
16760	rediseñar	465
16761	temporalidad	465
16762	vicuña	465
16763	abucheo	464
16764	catarsis	464
16765	chiquitito	464
16766	cocimiento	464
16767	dinamitar	464
16768	eficientemente	464
16769	encausar	464
16770	favela	464
16771	fogonazo	464
16772	gazpacho	464
16773	litúrgico	464
16774	locus	464
16775	orquestal	464
16776	salmo	464
16777	aclimatar	463
16778	adormilarse	463
16779	asintomático	463
16780	bomboncito	463
16781	delinquir	463
16782	desconcentrar	463
16783	etílico	463
16784	eucaristía	463
16785	fémina	463
16786	ideológicamente	463
16787	indemne	463
16788	interdependencia	463
16789	liguero	463
16790	meloso	463
16791	novel	463
16792	perjudicado	463
16793	prócer	463
16794	radiactividad	463
16795	recatado	463
16796	sodomía	463
16797	tontamente	463
16798	argucia	462
16799	carioca	462
16800	embadurnar	462
16801	estruendoso	462
16802	monógamo	462
16803	operante	462
16804	peyorativo	462
16805	resonante	462
16806	tapizado	462
16807	tozudo	462
16808	alojado	461
16809	brisco	461
16810	cabizbajo	461
16811	educadamente	461
16812	endurecimiento	461
16813	inacabable	461
16814	inhabilitación	461
16815	operístico	461
16816	profusamente	461
16817	rave	461
16818	sarnoso	461
16819	tropel	461
16820	tumultuoso	461
16821	acérrimo	460
16822	alcoholemia	460
16823	andada	460
16824	bávaro	460
16825	calabacita	460
16826	embriagador	460
16827	hoya	460
16828	insurgencia	460
16829	jolgorio	460
16830	mesura	460
16831	parcialidad	460
16832	pedernal	460
16833	poliéster	460
16834	sintetizador	460
16835	abyecto	459
16836	adoquín	459
16837	desquite	459
16838	estatutario	459
16839	gordura	459
16840	grafiti	459
16841	idoneidad	459
16842	postigo	459
16843	profanación	459
16844	rada	459
16845	ratio	459
16846	alud	458
16847	ambivalencia	458
16848	autodidacta	458
16849	chichón	458
16850	condescendencia	458
16851	convalecencia	458
16852	epidermis	458
16853	extranjería	458
16854	fastuoso	458
16855	humear	458
16856	identificador	458
16857	incansablemente	458
16858	instigador	458
16859	juicioso	458
16860	koala	458
16861	leviatán	458
16862	minibar	458
16863	minusvalía	458
16864	mortuorio	458
16865	puntal	458
16866	pócima	458
16867	reverenciar	458
16868	transportación	458
16869	trucado	458
16870	antillano	457
16871	chango	457
16872	chilla	457
16873	dobladillo	457
16874	enternecer	457
16875	epidural	457
16876	mecanografiar	457
16877	milano	457
16878	pandemia	457
16879	petar	457
16880	quebranto	457
16881	rumiar	457
16882	selvático	457
16883	vianda	457
16884	PCR	456
16885	afluente	456
16886	bocadito	456
16887	déspota	456
16888	guadaña	456
16889	gólem	456
16890	lijar	456
16891	martillar	456
16892	nimiedad	456
16893	nugget	456
16894	oligárquico	456
16895	serpentina	456
16896	subidón	456
16897	triturador	456
16898	anárquico	455
16899	cigarra	455
16900	dispensador	455
16901	ergo	455
16902	fisioterapia	455
16903	haragán	455
16904	inning	455
16905	marimacho	455
16906	preeminencia	455
16907	rapiña	455
16908	ricito	455
16909	sobreprotector	455
16910	tiernamente	455
16911	agendar	454
16912	aleteo	454
16913	almendro	454
16914	anestesista	454
16915	apoteosis	454
16916	apófisis	454
16917	brizna	454
16918	camillero	454
16919	castizo	454
16920	dinamizar	454
16921	extenuar	454
16922	extravío	454
16923	mudéjar	454
16924	muestrario	454
16925	portezuela	454
16926	posdata	454
16927	relé	454
16928	sallar	454
16929	sobreentender	454
16930	triciclo	454
16931	aseado	453
16932	centralismo	453
16933	criminología	453
16934	desarrollador	453
16935	institucionalidad	453
16936	mohoso	453
16937	pertinaz	453
16938	perversidad	453
16939	propulsar	453
16940	suplicante	453
16941	tiraje	453
16942	trombosis	453
16943	zorrita	453
16944	arquear	452
16945	borrachín	452
16946	conspicuo	452
16947	descontaminación	452
16948	espartano	452
16949	humus	452
16950	normando	452
16951	patrio	452
16952	perestroika	452
16953	regencia	452
16954	reinicio	452
16955	riojano	452
16956	sobradamente	452
16957	sonrisita	452
16958	tablear	452
16959	abejorro	451
16960	afeite	451
16961	arbitrio	451
16962	arriendo	451
16963	bróker	451
16964	contravenir	451
16965	convaleciente	451
16966	culposo	451
16967	deplorar	451
16968	desaire	451
16969	expiación	451
16970	jueguecito	451
16971	mañanero	451
16972	nitro	451
16973	obstetra	451
16974	papila	451
16975	ahuecar	450
16976	amago	450
16977	chancho	450
16978	guayaba	450
16979	inapelable	450
16980	inocular	450
16981	interiorizar	450
16982	parietal	450
16983	pelmazo	450
16984	putilla	450
16985	recusación	450
16986	saharaui	450
16987	target	450
16988	tintero	450
16989	ventrílocuo	450
16990	virulencia	450
16991	acrílico	449
16992	bajeza	449
16993	barrida	449
16994	buenorro	449
16995	cuartito	449
16996	fécula	449
16997	inanición	449
16998	internamiento	449
16999	iónico	449
17000	jerarquizar	449
17001	mancomunidad	449
17002	manillar	449
17003	mezquindad	449
17004	neutrino	449
17005	ojal	449
17006	parquímetro	449
17007	pesadumbre	449
17008	prospectivo	449
17009	vinagreta	449
17010	zaragozano	449
17011	ambivalente	448
17012	azahar	448
17013	bañista	448
17014	coproducción	448
17015	curvo	448
17016	descartable	448
17017	desecar	448
17018	disociar	448
17019	dramaturgia	448
17020	encrespar	448
17021	fibrosis	448
17022	garita	448
17023	goleta	448
17024	imbuir	448
17025	liposucción	448
17026	mascarada	448
17027	querellarse	448
17028	radiológico	448
17029	alocución	447
17030	aséptico	447
17031	autocompasión	447
17032	bulla	447
17033	cheddar	447
17034	clarita	447
17035	efervescencia	447
17036	globalizar	447
17037	jocoso	447
17038	kimchi	447
17039	lirismo	447
17040	locuaz	447
17041	optativo	447
17042	pastoso	447
17043	recurrencia	447
17044	virginal	447
17045	aciago	446
17046	acuciante	446
17047	alienado	446
17048	amurallado	446
17049	anca	446
17050	candil	446
17051	compenetrar	446
17052	damita	446
17053	determinismo	446
17054	doblez	446
17055	duplicación	446
17056	exploratorio	446
17057	fusta	446
17058	interceptor	446
17059	sesgado	446
17060	simbología	446
17061	talavera	446
17062	voracidad	446
17063	berlinés	445
17064	camastro	445
17065	castaña	445
17066	circunvalación	445
17067	dermatólogo	445
17068	desencuentro	445
17069	geriátrico	445
17070	huesito	445
17071	longo	445
17072	modisto	445
17073	mugir	445
17074	promediar	445
17075	quinquenio	445
17076	razonado	445
17077	retador	445
17078	socialdemocracia	445
17079	subatómico	445
17080	tentempié	445
17081	variopinto	445
17082	aclamación	444
17083	careo	444
17084	diocesano	444
17085	estrellato	444
17086	excedencia	444
17087	hojaldre	444
17088	honorar	444
17089	montador	444
17090	nerviosamente	444
17091	novillada	444
17092	plebe	444
17093	pucha	444
17094	subestación	444
17095	agresivamente	443
17096	antiséptico	443
17097	bíper	443
17098	connotar	443
17099	criminalística	443
17100	cuádruple	443
17101	desidia	443
17102	estertor	443
17103	irradiación	443
17104	magneto	443
17105	malcriar	443
17106	renuente	443
17107	adusto	442
17108	antiquísimo	442
17109	barrendero	442
17110	cacha	442
17111	chismorreo	442
17112	despavorido	442
17113	fervoroso	442
17114	flamear	442
17115	gaetano	442
17116	granadero	442
17117	hipertenso	442
17118	laurear	442
17119	lechoso	442
17120	manita	442
17121	opacidad	442
17122	picaresco	442
17123	prefijo	442
17124	roñoso	442
17125	serpentear	442
17126	beagle	441
17127	calderilla	441
17128	cazavampiros	441
17129	colindante	441
17130	despropósito	441
17131	disyuntiva	441
17132	embaucador	441
17133	escrupulosamente	441
17134	hacinar	441
17135	morrón	441
17136	necedad	441
17137	polvorín	441
17138	revalorización	441
17139	achaque	440
17140	anglicano	440
17141	aprovisionamiento	440
17142	conflictividad	440
17143	cortijo	440
17144	limitante	440
17145	motero	440
17146	paradigmático	440
17147	prole	440
17148	snack	440
17149	squad	440
17150	tesón	440
17151	vividor	440
17152	Ébola	440
17153	arzobispado	439
17154	aupar	439
17155	cabalmente	439
17156	cuarentón	439
17157	dic.	439
17158	edificante	439
17159	empalme	439
17160	folículo	439
17161	fontanería	439
17162	furibundo	439
17163	metabolizar	439
17164	objetor	439
17165	pentagrama	439
17166	porrazo	439
17167	píxel	439
17168	teorizar	439
17169	vallisoletano	439
17170	ácaro	439
17171	alpinista	438
17172	corolario	438
17173	desentonar	438
17174	fucking	438
17175	isleño	438
17176	penacho	438
17177	prozac	438
17178	reenviar	438
17179	rezago	438
17180	rock	438
17181	simplón	438
17182	superhombre	438
17183	tutelar	438
17184	IME	437
17185	avasallar	437
17186	disecar	437
17187	irrigar	437
17188	lapsus	437
17189	magulladura	437
17190	palangana	437
17191	peñón	437
17192	refregar	437
17193	secuencial	437
17194	tifoideo	437
17195	transfigurar	437
17196	acometida	436
17197	azuzar	436
17198	casación	436
17199	casto	436
17200	contractura	436
17201	denario	436
17202	disociación	436
17203	empedrado	436
17204	estriado	436
17205	jefazo	436
17206	llevadero	436
17207	ovárico	436
17208	pensionado	436
17209	permisivo	436
17210	precalentar	436
17211	predicado	436
17212	recoveco	436
17213	redil	436
17214	reposado	436
17215	vedete	436
17216	acuífero	435
17217	ambicionar	435
17218	cortésmente	435
17219	empalagoso	435
17220	esvástica	435
17221	fortín	435
17222	gubernativo	435
17223	gárgara	435
17224	incautación	435
17225	miopía	435
17226	roano	435
17227	sajón	435
17228	seminarista	435
17229	tiesto	435
17230	traslación	435
17231	PDC	434
17232	ahínco	434
17233	braza	434
17234	cáñamo	434
17235	fashion	434
17236	irrisorio	434
17237	islandés	434
17238	mecenazgo	434
17239	nucleico	434
17240	probador	434
17241	sinergia	434
17242	tórrido	434
17243	aguzar	433
17244	cabreo	433
17245	despechado	433
17246	empaste	433
17247	enterramiento	433
17248	folletín	433
17249	improductivo	433
17250	incinerador	433
17251	indetectable	433
17252	intercambiable	433
17253	monogamia	433
17254	paperas	433
17255	ponderación	433
17256	quebradizo	433
17257	reincidente	433
17258	subdividir	433
17259	temeridad	433
17260	amoldar	432
17261	constitucionalmente	432
17262	corrosión	432
17263	cover	432
17264	grosella	432
17265	inerme	432
17266	irreprochable	432
17267	modelaje	432
17268	orla	432
17269	photoshop	432
17270	pirenaico	432
17271	refrigerante	432
17272	resucitación	432
17273	rudeza	432
17274	variz	432
17275	adelgazamiento	431
17276	atolondrado	431
17277	desborde	431
17278	hechicería	431
17279	internación	431
17280	lacra	431
17281	lameculos	431
17282	motivacional	431
17283	pestilencia	431
17284	relanzar	431
17285	ter	431
17286	tetita	431
17287	yucateco	431
17288	aguerrido	430
17289	azalea	430
17290	bombazo	430
17291	brida	430
17292	despótico	430
17293	elíseo	430
17294	encinar	430
17295	enemistar	430
17296	formalismo	430
17297	gasóleo	430
17298	gominola	430
17299	inequívocamente	430
17300	irreverente	430
17301	lectivo	430
17302	magnificencia	430
17303	rectoría	430
17304	sarcoma	430
17305	sarín	430
17306	teen	430
17307	trompetista	430
17308	abundantemente	429
17309	antifaz	429
17310	bozal	429
17311	catón	429
17312	cremación	429
17313	demasía	429
17314	extenuante	429
17315	fofo	429
17316	imbatible	429
17317	incineración	429
17318	libertar	429
17319	memorando	429
17320	mortaja	429
17321	pulcritud	429
17322	punitivo	429
17323	rular	429
17324	singularmente	429
17325	síp	429
17326	terminantemente	429
17327	tron	429
17328	vallecano	429
17329	ZEE	428
17330	adscripción	428
17331	amenizar	428
17332	aspa	428
17333	bazofia	428
17334	brumoso	428
17335	caspa	428
17336	chinito	428
17337	chiquero	428
17338	compost	428
17339	consonante	428
17340	deductivo	428
17341	fundamentación	428
17342	fálico	428
17343	germinal	428
17344	interplanetario	428
17345	intubación	428
17346	maxilar	428
17347	pedagogo	428
17348	pilón	428
17349	quejoso	428
17350	reconfigurar	428
17351	sherpa	428
17352	sicótico	428
17353	telúrico	428
17354	tilo	428
17355	travesaño	428
17356	anónimamente	427
17357	cansino	427
17358	docto	427
17359	empobrecer	427
17360	escupitajo	427
17361	fariseo	427
17362	hondonada	427
17363	pichichi	427
17364	pluralista	427
17365	reptar	427
17366	rosco	427
17367	sij	427
17368	sudario	427
17369	transponer	427
17370	walkie-talkie	427
17371	zampar	427
17372	abismal	426
17373	berro	426
17374	chutar	426
17375	cotorra	426
17376	derrapar	426
17377	enclenque	426
17378	entropía	426
17379	flirteo	426
17380	fragmentario	426
17381	interrelacionar	426
17382	lid	426
17383	pinchado	426
17384	probatorio	426
17385	sincronía	426
17386	touch	426
17387	abrazadera	425
17388	altruismo	425
17389	argot	425
17390	bayo	425
17391	cecina	425
17392	cervecero	425
17393	chacra	425
17394	comercialmente	425
17395	contemplativo	425
17396	desoír	425
17397	grupito	425
17398	hibernar	425
17399	indefinible	425
17400	mecanógrafo	425
17401	nano	425
17402	ocultamiento	425
17403	raspado	425
17404	tartamudeo	425
17405	televisora	425
17406	transpondedor	425
17407	uniformemente	425
17408	amplísimo	424
17409	antípoda	424
17410	arenga	424
17411	borla	424
17412	bético	424
17413	chiche	424
17414	concorde	424
17415	conducente	424
17416	conformista	424
17417	cuajo	424
17418	extralimitarse	424
17419	filmoteca	424
17420	fisgón	424
17421	ilustrador	424
17422	inconfesable	424
17423	inquisitivo	424
17424	jaja	424
17425	liana	424
17426	mostro	424
17427	ondulante	424
17428	perfect	424
17429	planeador	424
17430	púgil	424
17431	respiradero	424
17432	yogui	424
17433	arriar	423
17434	centralización	423
17435	coquetería	423
17436	cornada	423
17437	desembarazar	423
17438	desfasado	423
17439	flanquear	423
17440	gasoducto	423
17441	indeseado	423
17442	inexperiencia	423
17443	interconectado	423
17444	leguminoso	423
17445	lempira	423
17446	lobotomía	423
17447	macedonio	423
17448	mosén	423
17449	plasticidad	423
17450	pollera	423
17451	ralo	423
17452	ramón	423
17453	replicación	423
17454	suministrador	423
17455	transatlántico	423
17456	trasiego	423
17457	tubular	423
17458	urbanizar	423
